[
  {
    "id": 2,
    "status": 1,
    "techName": "C#",
    "description": "dsfgdfggf",
    "activeSince": null,
    "version": "1.4",
    "statusDesc": "Active"
  },
  {
    "id": 3,
    "status": 1,
    "techName": "C++",
    "description": "desc",
    "activeSince": null,
    "version": "1.5",
    "statusDesc": "Active"
  },
  {
    "id": 4,
    "status": 1,
    "techName": "ASP.NET",
    "description": "sdfa",
    "activeSince": null,
    "version": "5",
    "statusDesc": "Active"
  },
  {
    "id": 6,
    "status": 1,
    "techName": "NODE JS",
    "description": "asdf",
    "activeSince": null,
    "version": "1.2",
    "statusDesc": "Active"
  },
  {
    "id": 8,
    "status": 1,
    "techName": "SCALA",
    "description": "SCALA",
    "activeSince": null,
    "version": "1.8",
    "statusDesc": "Active"
  },
  {
    "id": 11,
    "status": 1,
    "techName": "Java",
    "description": "New Java",
    "activeSince": null,
    "version": "1.8",
    "statusDesc": "Active"
  }
]