[{
    "id": 1,
    "status": 1,
    "domainName": "Test Banking",
    "description": "Test Banking",
    "activeSince": "2015-10-27",
    "statusDesc": "Active"
}, {
    "id": 2,
    "status": 1,
    "domainName": "Capital Markets",
    "description": "CM Markets",
    "activeSince": "2015-11-25",
    "statusDesc": "Active"
}, {
    "id": 3,
    "status": 1,
    "domainName": "Mortagage Banking",
    "description": null,
    "activeSince": "2015-11-25",
    "statusDesc": "Active"
}, {
    "id": 4,
    "status": 1,
    "domainName": "Foreign Exchange",
    "description": "FE desc",
    "activeSince": null,
    "statusDesc": "Active"
}, {
    "id": 5,
    "status": 1,
    "domainName": "Stock Markets",
    "description": "SM desc",
    "activeSince": null,
    "statusDesc": "Active"
}, {
    "id": 6,
    "status": 1,
    "domainName": "Assets",
    "description": "Asset desc",
    "activeSince": null,
    "statusDesc": "Active"
}, {
    "id": 7,
    "status": 1,
    "domainName": "Stock Market",
    "description": null,
    "activeSince": "2015-11-25",
    "statusDesc": "Active"
}, {
    "id": 8,
    "status": 1,
    "domainName": "Test Banking",
    "description": "Test Banking",
    "activeSince": "2015-11-25",
    "statusDesc": "Active"
}, {
    "id": 9,
    "status": 1,
    "domainName": "Retail Banking",
    "description": "Retail Banking",
    "activeSince": "2015-11-25",
    "statusDesc": "Active"
}, {
    "id": 11,
    "status": 1,
    "domainName": "Test Domain",
    "description": "Test Domain Description",
    "activeSince": "2015-11-26",
    "statusDesc": "Active"
}]
