[
  {
    "_id": "574d8318fbdb2a1cc9acbec0",
    "templateName": "GenerateText",
    "createdby": "Admin",
    "createdtime": "2016-05-31"
  },
  {
    "_id": "574d83bc79652a1c7fce0f78",
    "templateName": "Revenue&Expenses",
    "createdby": "Admin",
    "createdtime": "2016-05-31",
    "rows": [
      {
        "x": 80,
        "y": 1810,
        "h": 1200,
        "w": 1180
      },
      {
        "x": 1200,
        "y": 1770,
        "h": 350,
        "w": 1210
      },
      {
        "x": 1650,
        "y": 1770,
        "h": 120,
        "w": 1210
      },
      {
        "x": 1850,
        "y": 1770,
        "h": 350,
        "w": 1210
      },
      {
        "x": 2230,
        "y": 1770,
        "h": 120,
        "w": 1210
      }
    ],
    "headers": [
      "Expenses",
      "Current",
      "Percent",
      "Year To Date",
      "Percent"
    ]
  },
  {
    "_id": "574d83d179652a1c80ce0f78",
    "templateName": "Sales_Report",
    "createdby": "Admin",
    "createdtime": "2016-05-31",
    "rows": [
      {
        "x": 183,
        "y": 350,
        "h": 1140,
        "w": 1144
      },
      {
        "x": 900,
        "y": 350,
        "h": 352,
        "w": 1100
      },
      {
        "x": 1322,
        "y": 350,
        "h": 352,
        "w": 1100
      },
      {
        "x": 1709,
        "y": 350,
        "h": 340,
        "w": 1092
      }
    ],
    "headers": [
      "Item",
      "Quantity",
      "Cost Price",
      "Tax"
    ]
  },
  {
    "_id": "575572bcffea1d56bdc5bfa7",
    "createdby": "Admin",
    "templateName": "sdf",
    "rows": [
      {
        "x": null,
        "y": null,
        "h": null,
        "w": null,
        "$$hashKey": "object:54"
      }
    ],
    "headers": [
      "sadf"
    ],
    "createdtime": "2016-5-6",
    "tiffid": "575572b1ffea1d56b9c5bfa7",
    "origionalid": "575572b1ffea1d56bbc5bfa7",
    "fileName": "Report.pdf"
  },
  {
    "_id": "575572fdffea1d56c2c5bfa7",
    "createdby": "Admin",
    "templateName": "asdf",
    "rows": [
      {
        "x": null,
        "y": null,
        "h": null,
        "w": null,
        "$$hashKey": "object:57"
      }
    ],
    "headers": [
      "asdf"
    ],
    "createdtime": "2016-5-6",
    "tiffid": "575572eeffea1d56bec5bfa7",
    "origionalid": "575572eeffea1d56c0c5bfa7",
    "fileName": "Report.pdf"
  },
  {
    "_id": "5755733bffea1d56c7c5bfa7",
    "createdby": "Admin",
    "templateName": "dsfg",
    "rows": [
      {
        "x": null,
        "y": null,
        "h": null,
        "w": null,
        "$$hashKey": "object:116"
      }
    ],
    "headers": [
      "sdfg"
    ],
    "createdtime": "2016-5-6",
    "tiffid": "57557332ffea1d56c3c5bfa7",
    "origionalid": "57557332ffea1d56c5c5bfa7",
    "fileName": "Report.pdf"
  },
  {
    "_id": "5755775078c31d56cb86397e",
    "createdby": "Admin",
    "templateName": "asdf",
    "rows": [
      {
        "x": 8.18218460298267,
        "y": 1.1972633979475484,
        "h": 2.879133409350057,
        "w": 3.143893591293833,
        "$$hashKey": "object:63"
      }
    ],
    "headers": [
      "asdf"
    ],
    "createdtime": "2016-5-6",
    "tiffid": "5755774878c31d56c786397e",
    "origionalid": "5755774878c31d56c986397e",
    "fileName": "Report.pdf"
  },
  {
    "_id": "5755783c78c31d56d086397e",
    "createdby": "Admin",
    "templateName": "Bharathtem",
    "rows": [
      {
        "x": 8.18218460298267,
        "y": 3.164196123147092,
        "h": 1.9669327251995439,
        "w": 4.353083434099154,
        "$$hashKey": "object:128"
      },
      {
        "x": 8.706166868198308,
        "y": 3.2782212086659066,
        "h": 1.1972633979475484,
        "w": 6.852075775896815,
        "$$hashKey": "object:129"
      }
    ],
    "headers": [
      "quanity",
      "quanity"
    ],
    "createdtime": "2016-5-6",
    "tiffid": "575577eb78c31d56cc86397e",
    "origionalid": "575577eb78c31d56ce86397e",
    "fileName": "Report.pdf"
  },
  {
    "_id": "57557ac078c31d56d586397e",
    "createdby": "Admin",
    "templateName": "TempB",
    "rows": [
      {
        "x": 1.4913341394598953,
        "y": 3.2782212086659066,
        "h": 3.79133409350057,
        "w": 6.811769447803305,
        "$$hashKey": "object:237"
      },
      {
        "x": 7.980652962515116,
        "y": 3.192702394526796,
        "h": 1.9669327251995439,
        "w": 6.972994760177348,
        "$$hashKey": "object:242"
      },
      {
        "x": 11.366384522370012,
        "y": 3.2782212086659066,
        "h": 1.8244013683010263,
        "w": 6.852075775896815,
        "$$hashKey": "object:245"
      },
      {
        "x": 15.074566706972995,
        "y": 3.249714937286203,
        "h": 1.2542759407069555,
        "w": 6.771463119709795,
        "$$hashKey": "object:248"
      }
    ],
    "headers": [
      "Item",
      "quanitity",
      "Cost",
      "Tax"
    ],
    "createdtime": "2016-5-6",
    "tiffid": "575579c878c31d56d186397e",
    "origionalid": "575579c878c31d56d386397e",
    "fileName": "Report.pdf"
  },
  {
    "_id": "57569fb640731d5678609986",
    "createdby": "Admin",
    "templateName": "sadfas",
    "rows": [
      {
        "x": 2.757575757575758,
        "y": 6.11764705882353,
        "h": 12.588235294117647,
        "w": 9,
        "$$hashKey": "object:115"
      }
    ],
    "headers": [
      "sadf"
    ],
    "createdtime": "2016-5-7",
    "tiffid": "57569fa740731d5666609986",
    "origionalid": "57569fa740731d5669609986",
    "fileName": "TesseractOSCON.pdf"
  },
  {
    "_id": "57569fb840731d5679609986",
    "createdby": "Admin",
    "templateName": "sadfas",
    "rows": [
      {
        "x": 2.757575757575758,
        "y": 6.11764705882353,
        "h": 12.588235294117647,
        "w": 9,
        "$$hashKey": "object:115"
      }
    ],
    "headers": [
      "sadf"
    ],
    "createdtime": "2016-5-7",
    "tiffid": "57569fa740731d5666609986",
    "origionalid": "57569fa740731d5669609986",
    "fileName": "TesseractOSCON.pdf"
  },
  {
    "_id": "5756a0ea40731d568c609986",
    "createdby": "Admin",
    "templateName": "asdf",
    "rows": [
      {
        "x": 2.8484848484848486,
        "y": 6.8235294117647065,
        "h": 11.72549019607843,
        "w": 8.93939393939394,
        "$$hashKey": "object:78"
      }
    ],
    "headers": [
      "sadf"
    ],
    "createdtime": "2016-5-7",
    "tiffid": "5756a0da40731d567a609986",
    "origionalid": "5756a0da40731d567d609986",
    "fileName": "TesseractOSCON.pdf"
  },
  {
    "_id": "5756a20b40731d56a3609986",
    "createdby": "Admin",
    "templateName": "sfd",
    "rows": [
      {
        "x": 2.9696969696969697,
        "y": 6.03921568627451,
        "h": 12.509803921568627,
        "w": 3.0606060606060606,
        "$$hashKey": "object:156"
      }
    ],
    "headers": [
      "asdf"
    ],
    "createdtime": "2016-5-7",
    "tiffid": "5756a1e240731d5691609986",
    "origionalid": "5756a1e240731d5694609986",
    "fileName": "TesseractOSCON.pdf"
  },
  {
    "_id": "5757ee35f4d852a07b332618",
    "createdby": "Admin",
    "templateName": "testofTemplate",
    "rows": [
      {
        "x": 2.272727272727273,
        "y": 6.235294117647059,
        "h": 13.411764705882353,
        "w": 2.8484848484848486,
        "$$hashKey": "object:84"
      }
    ],
    "headers": [
      "asdf"
    ],
    "createdtime": "2016-5-8",
    "tiffid": "5757ee1df4d852a069332618",
    "origionalid": "5757ee1df4d852a06c332618",
    "fileName": "TesseractOSCON.pdf"
  },
  {
    "_id": "5757f108af9452a08cd9ac68",
    "createdby": "Admin",
    "rows": [],
    "headers": [],
    "createdtime": "2016-5-8",
    "tiffid": "5757f105af9452a07ad9ac68",
    "origionalid": "5757f105af9452a07dd9ac68",
    "fileName": "TesseractOSCON.pdf"
  },
  {
    "_id": "5757f11daf9452a08dd9ac68",
    "createdby": "Admin",
    "rows": [],
    "headers": [],
    "createdtime": "2016-5-8",
    "tiffid": "5757f105af9452a07ad9ac68",
    "origionalid": "5757f105af9452a07dd9ac68",
    "fileName": "TesseractOSCON.pdf"
  },
  {
    "_id": "5757f123af9452a08ed9ac68",
    "createdby": "Admin",
    "rows": [],
    "headers": [],
    "createdtime": "2016-5-8",
    "tiffid": "5757f105af9452a07ad9ac68",
    "origionalid": "5757f105af9452a07dd9ac68",
    "fileName": "TesseractOSCON.pdf"
  },
  {
    "_id": "5757f197af9452a0a1d9ac68",
    "createdby": "Admin",
    "rows": [],
    "headers": [],
    "createdtime": "2016-5-8",
    "tiffid": "5757f192af9452a08fd9ac68",
    "origionalid": "5757f192af9452a092d9ac68",
    "fileName": "TesseractOSCON.pdf"
  },
  {
    "_id": "5757f222af9452a0b4d9ac68",
    "createdby": "Admin",
    "rows": [],
    "headers": [],
    "createdtime": "2016-5-8",
    "tiffid": "5757f21faf9452a0a2d9ac68",
    "origionalid": "5757f21faf9452a0a5d9ac68",
    "fileName": "TesseractOSCON.pdf"
  },
  {
    "_id": "5757f29eaf9452a0c7d9ac68",
    "createdby": "Admin",
    "rows": [],
    "headers": [],
    "createdtime": "2016-5-8",
    "tiffid": "5757f29aaf9452a0b5d9ac68",
    "origionalid": "5757f29aaf9452a0b8d9ac68",
    "fileName": "TesseractOSCON.pdf"
  },
  {
    "_id": "5757f2bbaf9452a0dad9ac68",
    "createdby": "Admin",
    "rows": [],
    "headers": [],
    "createdtime": "2016-5-8",
    "tiffid": "5757f2b9af9452a0c8d9ac68",
    "origionalid": "5757f2b9af9452a0cbd9ac68",
    "fileName": "TesseractOSCON.pdf"
  },
  {
    "_id": "5757f303af9452a0edd9ac68",
    "createdby": "Admin",
    "rows": [],
    "headers": [],
    "createdtime": "2016-5-8",
    "tiffid": "5757f301af9452a0dbd9ac68",
    "origionalid": "5757f301af9452a0ded9ac68",
    "fileName": "TesseractOSCON.pdf"
  },
  {
    "_id": "5757f37baf9452a000daac68",
    "createdby": "Admin",
    "templateName": "Template of the name",
    "rows": [
      {
        "x": 2.909090909090909,
        "y": 6.705882352941177,
        "h": 12.117647058823529,
        "w": 8.878787878787879,
        "$$hashKey": "object:114"
      }
    ],
    "headers": [
      "tess"
    ],
    "createdtime": "2016-5-8",
    "tiffid": "5757f364af9452a0eed9ac68",
    "origionalid": "5757f364af9452a0f1d9ac68",
    "fileName": "TesseractOSCON.pdf"
  },
  {
    "_id": "5757f413af9452a00cdaac68",
    "createdby": "Admin",
    "templateName": "templateof pic pay",
    "rows": [
      {
        "x": 3.3333333333333335,
        "y": 12.711111111111112,
        "h": 14.48888888888889,
        "w": 3.966666666666667,
        "$$hashKey": "object:117"
      }
    ],
    "headers": [
      "pic pay"
    ],
    "createdtime": "2016-5-8",
    "tiffid": "5757f3feaf9452a001daac68",
    "origionalid": "5757f3feaf9452a004daac68",
    "fileName": "PicPayProject260416.pdf"
  },
  {
    "_id": "5758f71d2d3252a0e394d25a",
    "createdby": "Admin",
    "templateName": "Test123",
    "rows": [
      {
        "x": 1.8137847642079807,
        "y": 3.3352337514253136,
        "h": 3.192702394526796,
        "w": 6.569931479242241,
        "$$hashKey": "object:1562"
      }
    ],
    "headers": [
      "Item"
    ],
    "createdtime": "2016-5-9",
    "tiffid": "5758f6ca2d3252a0df94d25a",
    "origionalid": "5758f6ca2d3252a0e194d25a",
    "fileName": "Report.pdf"
  },
  {
    "_id": "5758f95fafa052a07501933a",
    "createdby": "Admin",
    "templateName": "Test1",
    "rows": [
      {
        "x": 1.6122531237404272,
        "y": 3.1356898517673892,
        "h": 4.418472063854048,
        "w": 7.174526400644901,
        "$$hashKey": "object:608"
      }
    ],
    "headers": [
      "Item"
    ],
    "createdtime": "2016-5-9",
    "tiffid": "5758f924afa052a07101933a",
    "origionalid": "5758f924afa052a07301933a",
    "fileName": "Report.pdf"
  }
]