{
  "$schema": "./node_modules/@angular/cli/lib/config/schema.json",
  "project": {
    "name": "minute-clinic"
  },
  "apps": [
    {
      "root": "src",
      "outDir": "dist",
      "deployUrl": "/minuteclinic/mcwebcontent/ui/dist/",
      "assets": [
        "assets",
        "assets/mock_json",
        "favicon.ico"
      ],
      "index": "index.html",
      "main": "main.ts",
      "polyfills": "polyfills.ts",
      "test": "test.ts",
      "tsconfig": "tsconfig.app.json",
      "testTsconfig": "tsconfig.spec.json",
      "prefix": "app",
      "styles": [
        "styles.css"
      ],
      "scripts": [
        "lib/jquery.slim.min.js",
        "lib/popper.min.js",
        "lib/bootstrap.min.js",
        "lib/smooth-scroll.polyfills.min.js",
        "lib/smooth-scroll.min.js",
        "lib/fileSaver.js",
        "lib/ics.js",
        "lib/translate.js",
        "lib/blueimp-load-image/js/load-image.all.min.js"
      ],
      "environmentSource": "environments/environment.ts",
      "environments": {
        "dev": "environments/environment.ts",
        "prod": "environments/environment.prod.ts"
      }
    }
  ],
  "e2e": {
    "protractor": {
      "config": "./protractor.conf.js"
    }
  },
  "lint": [
    {
      "project": "src/tsconfig.app.json"
    },
    {
      "project": "src/tsconfig.spec.json"
    },
    {
      "project": "e2e/tsconfig.e2e.json"
    }
  ],
  "test": {
    "karma": {
      "config": "./karma.conf.js"
    }
  },
  "defaults": {
    "styleExt": "scss",
    "component": {}
  }
}
