{
  "respCpnDefs": [
    {
		"cmpgnId": 48105,
		"cmpgnTypeCd" : "I", 
		"cmpgnSubtypeCd" : "C", 
		"cpnNbr": 77756,
		"mktgPrgCd" : "", 
		"webDsc" : "Buy 10 of any Home products get $2EB", 
		"prodCpnInd" : "N", 
		"cpnValRqrdCd" : "N", 
		"cpnQualTxt" : "Here are your ExtraBucks Rewards for having purchased: 10 Home products", 
		"mfrInd" : "N", 
		"startTs": "20180718 00:00:00",
		"endTs": "20180917 00:00:00",
		"fndgCd": 1,
		"mfrOfferSrcTxt":"",
		"mfrGs1Txt":"",
		"mfrCpnSrcCd":"",
		"cpnTermsCd": "1",
		"rwrdQty": 2.0,
		"maxRedeemAmt": 6.0,
		"loadableInd": "Y",
		"amtTypeCd": "D",
		"pctOffAmt": 0,
		"absAmtInd": "N",
		"itemLimitQty": 0,
		"cpnFmtCd": "2",
		"freeItemInd": "N",
		"rqrdPurchAmt": "0.0",
		"cardValCd": "0",
		"cpnRecptTxt":"",
		"cpnDscLangS": "Recompensas Extra Bucks de $6.00",
		"cpnDsc": "$6.00 ExtraBucks Rewards",
		"cpnTermsTxt": "ExtraCare card required. Offer redeemable and savings applied to qualifying purchase only. No cash back. Tax charged on pre-coupon price where required. Excludes pseudoephedrine. Not valid in specialty centers within CVS. Excludes trial / travel sizes",
		"disclaimerTxt" : "Regular retail is the non-sale price at CVS Pharmacy located at :home_str_nbr on :cpn_create_dt.",
		"imageUrlTxt":"",
		"mfrOfferValueDsc":"",
		"mfrOfferBrandName":""
    }
  ]
}