﻿{
	"cusInfResp": {
		"xtraCard": {
			"xtraCardNbr": 2612,
			"encodedXtraCardNbr": 4012223344565,
			"totYtdSaveAmt": 20.40
		},
		"cpns": [
			{
				"cmpgnId": 48105,
				"cpnNbr": 77756,
				"cpnSeqNbr": 99910100364960,
				"cmpgnTypeCd": "I",
				"cmpgnSubtypeCd": "C",
				"mktgPrgCd": "C",
				"maxRedeemAmt": 6.0,
				"cpnCreateDt": "2017-01-29 12:10:47.0",
				"regRetlAmt": 0.0,
				"cpnDsc": "$6.00 ExtraBucks Rewards",
				"webDsc": "Buy 10 of any Home products get $2EB",
				"cpnTermsCd": 1,
				"amtTypeCd": "D",
				"absAmtInd": "N",
				"pctOffAmt": 0,
				"cpnValRqrdCd": "N",
				"redmStartDt": "",
				"expirDt": "2019-08-30",
				"viewActlDt": "",
				"prntActlDt": "",
				"loadActlDt": "2018-08-30",
				"redmActlDt": "",
				"newCpnInd": "N",
				"cpnSuppressCd": "N",
				"viewableInd": "Y",
				"printableInd": "Y",
				"loadableInd": "Y",
				"redeemableInd": "N",
				"cpnGroupingCd": "E",
				"everWebRedeemableInd": "Y",
				"appOnlyInd": "N",
				"expSoonInd": "Y",
				"cpnDefLastUpdtTs": "",
				"autoReissueInd": "N",
				"maxIssueCnt": "",
				"storeNbr": 590,
				"storeName": "",
				"cpnFmtCd": "",
				"prodCpnInd": "N",
				"itemLimitQty": 0,
				"cpnRecptTxt": "",
				"cpnQualTxt": "Here are your ExtraBucks Rewards for having purchased: 10 Home products",
				"fndgCd": "",
				"imageUrlTxt": "http://clip.pdn.coupons.com/cos20/_Cache/_ImageCache/123/17456123.gif",
				"mfrInd": "N",
				"mfrOfferValueDsc": "",
				"mfrOfferBrandName": "",
				"mfrOfferSrcTxt": "",
				"homeStoreNbr": 1,
				"cpnCats": [
					{
						"cpnCatNbr": 1,
						"cpnCatDsc": "Baby"
					},
					{
						"cpnCatNbr": 2,
						"cpnCatDsc": "Pesonal Care"
					}
				]
			}

		]
	}
}