{
	"cusInfResp": {
	  "xtraCard": {
		"xtraCardNbr": 2612,
		"encodedXtraCardNbr": 4012223344565,
		"totYtdSaveAmt": 20.4
	  },
	  "prefs": {
		"optInEC": "I",
		"optInEmail": "A",
		"beautyClubEnrolled": "N",
		"diabeticClubEnrolled": "Y",
		"phrEnrolled": "N"
	  },
	  "cpns": [
		{
		  "cmpgnId": 48105,
		  "cpnNbr": 77756,
		  "cpnSeqNbr": 99910100364960,
		  "cmpgnTypeCd": "I",
		  "cmpgnSubtypeCd": "C",
		  "mktgPrgCd": "",
		  "maxRedeemAmt": 6,
		  "cpnCreateDt": "2017-01-29",
		  "regRetlAmt": 0,
		  "cpnDsc": "$6.00 ExtraBucks Rewards",
		  "webDsc": "Buy 10 of any Home products get $2EB",
		  "cpnTermsCd": 1,
		  "amtTypeCd": "D",
		  "absAmtInd": "N",
		  "pctOffAmt": 20,
		  "cpnValRqrdCd": "N",
		  "redmStartDt": "",
		  "expirDt": "2019-08-30",
		  "viewActlDt": "",
		  "prntActlDt": "2019-08-30",
		  "loadActlDt": "",
		  "redmActlDt": "",
		  "newCpnInd": "N",
		  "cpnSuppressCd": "N",
		  "viewableInd": "Y",
		  "printableInd": "Y",
		  "loadableInd": "Y",
		  "redeemableInd": "N",
		  "cpnGroupingCd": "O",
		  "everWebRedeemableInd": "Y",
		  "appOnlyInd": "N",
		  "expSoonInd": "Y",
		  "cpnDefLastUpdtTs": "",
		  "autoReissueInd": "N",
		  "maxIssueCnt": "",
		  "storeNbr": 590,
		  "storeName": "",
		  "cpnFmtCd": "2",
		  "prodCpnInd": "N",
		  "itemLimitQty": 0,
		  "cpnRecptTxt": "",
		  "cpnQualTxt": "Here are your ExtraBucks Rewards for having purchased: 10 Home products",
		  "fndgCd": "",
		  "imageUrlTxt": "http://clip.pdn.coupons.com/cos20/_Cache/_ImageCache/123/17456123.gif",
		  "mfrInd": "N",
		  "mfrOfferValueDsc": "",
		  "mfrOfferBrandName": "",
		  "mfrOfferSrcTxt": "",
		  "homeStoreNbr": 1,
		  "cpnCats": [
			{
			  "cpnCatNbr": 1,
			  "cpnCatDsc": "Baby"
			},
			{
			  "cpnCatNbr": 2,
			  "cpnCatDsc": "Pesonal Care"
			}
		  ]
		},
		{
		  "cmpgnId": 48173,
		  "cpnNbr": 78856,
		  "cpnSeqNbr": 99910100312345,
		  "cmpgnTypeCd": "B",
		  "cmpgnSubtypeCd": "C",
		  "mktgPrgCd": "",
		  "maxRedeemAmt": 3,
		  "cpnCreateDt": "2017-01-29",
		  "regRetlAmt": 0,
		  "cpnDsc": "This is a $off coupon",
		  "webDsc": "Buy 10 of any Home products get $2EB",
		  "cpnTermsCd": 1,
		  "amtTypeCd": "D",
		  "absAmtInd": "N",
		  "pctOffAmt": 20,
		  "cpnValRqrdCd": "N",
		  "redmStartDt": "",
		  "expirDt": "2018-12-30",
		  "viewActlDt": "",
		  "prntActlDt": "",
		  "loadActlDt": "",
		  "redmActlDt": "",
		  "newCpnInd": "Y",
		  "cpnSuppressCd": "N",
		  "viewableInd": "Y",
		  "printableInd": "Y",
		  "loadableInd": "Y",
		  "redeemableInd": "Y",
		  "cpnGroupingCd": "O",
		  "everWebRedeemableInd": "Y",
		  "appOnlyInd": "N",
		  "expSoonInd": "Y",
		  "cpnDefLastUpdtTs": "",
		  "autoReissueInd": "Y",
		  "maxIssueCnt": "3",
		  "storeNbr": 590,
		  "storeName": "",
		  "cpnFmtCd": "5",
		  "prodCpnInd": "N",
		  "itemLimitQty": 0,
		  "cpnRecptTxt": "",
		  "cpnQualTxt": "",
		  "fndgCd": "",
		  "imageUrlTxt": "http://clip.pdn.coupons.com/cos20/_Cache/_ImageCache/123/17456123.gif",
		  "mfrInd": "N",
		  "mfrOfferValueDsc": "",
		  "mfrOfferBrandName": "",
		  "mfrOfferSrcTxt": "",
		  "homeStoreNbr": 1,
		  "cpnCats": [
			{
			  "cpnCatNbr": 1,
			  "cpnCatDsc": "Baby"
			},
			{
			  "cpnCatNbr": 2,
			  "cpnCatDsc": "Pesonal Care"
			}
		  ]
		},
		{
		  "cmpgnId": 48177,
		  "cpnNbr": 79856,
		  "cpnSeqNbr": 99910100323456,
		  "cmpgnTypeCd": "K",
		  "cmpgnSubtypeCd": "C",
		  "mktgPrgCd": "",
		  "maxRedeemAmt": 3,
		  "cpnCreateDt": "",
		  "regRetlAmt": 0,
		  "cpnDsc": "This is a %off coupon",
		  "webDsc": "Buy 10 of any Home products get $2EB",
		  "cpnTermsCd": 1,
		  "amtTypeCd": "P",
		  "absAmtInd": "N",
		  "pctOffAmt": 20,
		  "cpnValRqrdCd": "N",
		  "redmStartDt": "",
		  "expirDt": "2018-10-30",
		  "viewActlDt": "",
		  "prntActlDt": "",
		  "loadActlDt": "",
		  "redmActlDt": "",
		  "newCpnInd": "Y",
		  "cpnSuppressCd": "N",
		  "viewableInd": "Y",
		  "printableInd": "Y",
		  "loadableInd": "Y",
		  "redeemableInd": "Y",
		  "cpnGroupingCd": "O",
		  "everWebRedeemableInd": "Y",
		  "appOnlyInd": "N",
		  "expSoonInd": "Y",
		  "cpnDefLastUpdtTs": "",
		  "autoReissueInd": "N",
		  "maxIssueCnt": "5",
		  "storeNbr": 590,
		  "storeName": "",
		  "cpnFmtCd": "3",
		  "prodCpnInd": "N",
		  "itemLimitQty": 0,
		  "cpnRecptTxt": "",
		  "cpnQualTxt": "",
		  "fndgCd": "",
		  "imageUrlTxt": "http://clip.pdn.coupons.com/cos20/_Cache/_ImageCache/123/17456123.gif",
		  "mfrInd": "N",
		  "mfrOfferValueDsc": "",
		  "mfrOfferBrandName": "",
		  "mfrOfferSrcTxt": "",
		  "homeStoreNbr": 1,
		  "cpnCats": [
			{
			  "cpnCatNbr": 1,
			  "cpnCatDsc": "Baby"
			},
			{
			  "cpnCatNbr": 2,
			  "cpnCatDsc": "Pesonal Care"
			}
		  ]
		},
		{
		  "cmpgnId": 48113,
		  "cpnNbr": 78156,
		  "cpnSeqNbr": 99910100302345,
		  "cmpgnTypeCd": "B",
		  "cmpgnSubtypeCd": "C",
		  "mktgPrgCd": "",
		  "maxRedeemAmt": 2,
		  "cpnCreateDt": "",
		  "regRetlAmt": 0,
		  "cpnDsc": "This is a final priced coupon",
		  "webDsc": "Buy 10 of any Home products get $2EB",
		  "cpnTermsCd": 1,
		  "amtTypeCd": "D",
		  "absAmtInd": "Y",
		  "pctOffAmt": 20,
		  "cpnValRqrdCd": "N",
		  "redmStartDt": "",
		  "expirDt": "2019-12-30",
		  "viewActlDt": "",
		  "prntActlDt": "",
		  "loadActlDt": "",
		  "redmActlDt": "",
		  "newCpnInd": "Y",
		  "cpnSuppressCd": "N",
		  "viewableInd": "Y",
		  "printableInd": "Y",
		  "loadableInd": "Y",
		  "redeemableInd": "Y",
		  "cpnGroupingCd": "O",
		  "everWebRedeemableInd": "Y",
		  "appOnlyInd": "N",
		  "expSoonInd": "Y",
		  "cpnDefLastUpdtTs": "",
		  "autoReissueInd": "N",
		  "maxIssueCnt": "",
		  "storeNbr": 590,
		  "storeName": "",
		  "cpnFmtCd": "4",
		  "prodCpnInd": "N",
		  "itemLimitQty": 0,
		  "cpnRecptTxt": "",
		  "cpnQualTxt": "",
		  "fndgCd": "",
		  "imageUrlTxt": "http://clip.pdn.coupons.com/cos20/_Cache/_ImageCache/123/17456123.gif",
		  "mfrInd": "N",
		  "mfrOfferValueDsc": "",
		  "mfrOfferBrandName": "",
		  "mfrOfferSrcTxt": "",
		  "homeStoreNbr": 1,
		  "cpnCats": [
			{
			  "cpnCatNbr": 1,
			  "cpnCatDsc": "Baby"
			},
			{
			  "cpnCatNbr": 2,
			  "cpnCatDsc": "Pesonal Care"
			}
		  ]
		},
		{
		  "cmpgnId": 48122,
		  "cpnNbr": 78822,
		  "cpnSeqNbr": 99910100312225,
		  "cmpgnTypeCd": "B",
		  "cmpgnSubtypeCd": "C",
		  "mktgPrgCd": "",
		  "maxRedeemAmt": 3,
		  "cpnCreateDt": "",
		  "regRetlAmt": 0,
		  "cpnDsc": "This is a variable/BOGO coupon",
		  "webDsc": "Buy 10 of any Home products get $2EB",
		  "cpnTermsCd": 1,
		  "amtTypeCd": "D",
		  "absAmtInd": "N",
		  "pctOffAmt": 20,
		  "cpnValRqrdCd": "N",
		  "redmStartDt": "",
		  "expirDt": "2019-10-30",
		  "viewActlDt": "",
		  "prntActlDt": "",
		  "loadActlDt": "",
		  "redmActlDt": "",
		  "newCpnInd": "Y",
		  "cpnSuppressCd": "N",
		  "viewableInd": "Y",
		  "printableInd": "Y",
		  "loadableInd": "Y",
		  "redeemableInd": "Y",
		  "cpnGroupingCd": "O",
		  "everWebRedeemableInd": "Y",
		  "appOnlyInd": "N",
		  "expSoonInd": "Y",
		  "cpnDefLastUpdtTs": "",
		  "autoReissueInd": "N",
		  "maxIssueCnt": "",
		  "storeNbr": 590,
		  "storeName": "",
		  "cpnFmtCd": "1",
		  "prodCpnInd": "N",
		  "itemLimitQty": 0,
		  "cpnRecptTxt": "Buy One Tide Get One Free",
		  "cpnQualTxt": "",
		  "fndgCd": "",
		  "imageUrlTxt": "http://clip.pdn.coupons.com/cos20/_Cache/_ImageCache/123/17456123.gif",
		  "mfrInd": "N",
		  "mfrOfferValueDsc": "",
		  "mfrOfferBrandName": "",
		  "mfrOfferSrcTxt": "",
		  "homeStoreNbr": 1,
		  "cpnCats": [
			{
			  "cpnCatNbr": 1,
			  "cpnCatDsc": "Baby"
			},
			{
			  "cpnCatNbr": 2,
			  "cpnCatDsc": "Pesonal Care"
			}
		  ]
		},
		{
		  "cmpgnId": 48122,
		  "cpnNbr": 78822,
		  "cpnSeqNbr": 99910100312225,
		  "cmpgnTypeCd": "B",
		  "cmpgnSubtypeCd": "C",
		  "mktgPrgCd": "",
		  "maxRedeemAmt": 3,
		  "cpnCreateDt": "",
		  "regRetlAmt": 0,
		  "cpnDsc": "This is a default coupon",
		  "webDsc": "Buy 5 of any dove products get $3EB",
		  "cpnTermsCd": 1,
		  "amtTypeCd": "D",
		  "absAmtInd": "N",
		  "pctOffAmt": 20,
		  "cpnValRqrdCd": "N",
		  "redmStartDt": "",
		  "expirDt": "2019-10-30",
		  "viewActlDt": "",
		  "prntActlDt": "",
		  "loadActlDt": "",
		  "redmActlDt": "",
		  "newCpnInd": "Y",
		  "cpnSuppressCd": "N",
		  "viewableInd": "Y",
		  "printableInd": "Y",
		  "loadableInd": "Y",
		  "redeemableInd": "Y",
		  "cpnGroupingCd": "O",
		  "everWebRedeemableInd": "Y",
		  "appOnlyInd": "N",
		  "expSoonInd": "Y",
		  "cpnDefLastUpdtTs": "",
		  "autoReissueInd": "N",
		  "maxIssueCnt": "",
		  "storeNbr": 590,
		  "storeName": "",
		  "cpnFmtCd": "",
		  "prodCpnInd": "N",
		  "itemLimitQty": 0,
		  "cpnRecptTxt": "Buy One Tide Get One Free",
		  "cpnQualTxt": "",
		  "fndgCd": "",
		  "imageUrlTxt": "http://clip.pdn.coupons.com/cos20/_Cache/_ImageCache/123/17456123.gif",
		  "mfrInd": "N",
		  "mfrOfferValueDsc": "",
		  "mfrOfferBrandName": "",
		  "mfrOfferSrcTxt": "",
		  "homeStoreNbr": 1,
		  "cpnCats": [
			{
			  "cpnCatNbr": 1,
			  "cpnCatDsc": "Baby"
			},
			{
			  "cpnCatNbr": 2,
			  "cpnCatDsc": "Pesonal Care"
			}
		  ]
		},
		{
		  "cmpgnId": 48122,
		  "cpnNbr": 78822,
		  "cpnSeqNbr": 99910100312225,
		  "cmpgnTypeCd": "E",
		  "cmpgnSubtypeCd": "C",
		  "mktgPrgCd": "C",
		  "maxRedeemAmt": 3,
		  "cpnCreateDt": "",
		  "regRetlAmt": 0,
		  "cpnDsc": "$10 reward",
		  "webDsc": "Buy 5 of any dove products get $3EB",
		  "cpnTermsCd": 1,
		  "amtTypeCd": "D",
		  "absAmtInd": "N",
		  "pctOffAmt": 20,
		  "cpnValRqrdCd": "N",
		  "redmStartDt": "",
		  "expirDt": "2019-10-30",
		  "viewActlDt": "",
		  "prntActlDt": "",
		  "loadActlDt": "",
		  "redmActlDt": "",
		  "newCpnInd": "N",
		  "cpnSuppressCd": "N",
		  "viewableInd": "Y",
		  "printableInd": "Y",
		  "loadableInd": "Y",
		  "redeemableInd": "Y",
		  "cpnGroupingCd": "O",
		  "everWebRedeemableInd": "Y",
		  "appOnlyInd": "N",
		  "expSoonInd": "Y",
		  "cpnDefLastUpdtTs": "",
		  "autoReissueInd": "N",
		  "maxIssueCnt": "",
		  "storeNbr": 590,
		  "storeName": "",
		  "cpnFmtCd": "",
		  "prodCpnInd": "N",
		  "itemLimitQty": 0,
		  "cpnRecptTxt": "Buy One Tide Get One Free",
		  "cpnQualTxt": "This is your monthly reward for enrolling into carepass",
		  "fndgCd": "",
		  "imageUrlTxt": "http://clip.pdn.coupons.com/cos20/_Cache/_ImageCache/123/17456123.gif",
		  "mfrInd": "N",
		  "mfrOfferValueDsc": "",
		  "mfrOfferBrandName": "",
		  "mfrOfferSrcTxt": "",
		  "homeStoreNbr": 1,
			"cpnCats": [
			{
			  "cpnCatNbr": 1,
			  "cpnCatDsc": "Baby"
			},
			{
			  "cpnCatNbr": 2,
			  "cpnCatDsc": "Pesonal Care"
			}
		  ]
		},
		{
			"cmpgnId": 48122,
			"cpnNbr": 78822,
			"cpnSeqNbr": 99910100312225,
			"cmpgnTypeCd": "P",
			"cmpgnSubtypeCd": "C",
			"mktgPrgCd": "C",
			"maxRedeemAmt": 3,
			"cpnCreateDt": "",
			"regRetlAmt": 0,
			"cpnDsc": "20% off",
			"webDsc": "Buy 5 of any dove products get $3EB",
			"cpnTermsCd": 1,
			"amtTypeCd": "D",
			"absAmtInd": "N",
			"pctOffAmt": 20,
			"cpnValRqrdCd": "N",
			"redmStartDt": "",
			"expirDt": "2019-10-30",
			"viewActlDt": "",
			"prntActlDt": "",
			"loadActlDt": "2019-10-30",
			"redmActlDt": "",
			"newCpnInd": "Y",
			"cpnSuppressCd": "N",
			"viewableInd": "Y",
			"printableInd": "Y",
			"loadableInd": "N",
			"redeemableInd": "Y",
			"cpnGroupingCd": "O",
			"everWebRedeemableInd": "Y",
			"appOnlyInd": "Y",
			"expSoonInd": "N",
			"cpnDefLastUpdtTs": "",
			"autoReissueInd": "N",
			"maxIssueCnt": "",
			"storeNbr": 590,
			"storeName": "",
			"cpnFmtCd": "",
			"prodCpnInd": "N",
			"itemLimitQty": 0,
			"cpnRecptTxt": "Buy One Tide Get One Free",
			"cpnQualTxt": "This is your monthly reward for enrolling into carepass",
			"fndgCd": "",
			"imageUrlTxt": "http://clip.pdn.coupons.com/cos20/_Cache/_ImageCache/123/17456123.gif",
			"mfrInd": "N",
			"mfrOfferValueDsc": "",
			"mfrOfferBrandName": "",
			"mfrOfferSrcTxt": "",
			"homeStoreNbr": 1
		  },
		{
		  "cmpgnId": 48122,
		  "cpnNbr": 78822,
		  "cpnSeqNbr": 99910100312225,
		  "cmpgnTypeCd": "H",
		  "cmpgnSubtypeCd": "C",
		  "mktgPrgCd": "C",
		  "maxRedeemAmt": 3,
		  "cpnCreateDt": "",
		  "regRetlAmt": 0,
		  "cpnDsc": "Thanks for enrolling into carepass",
		  "webDsc": "Buy 5 of any dove products get $3EB",
		  "cpnTermsCd": 1,
		  "amtTypeCd": "P",
		  "absAmtInd": "N",
		  "pctOffAmt": 20,
		  "cpnValRqrdCd": "N",
		  "redmStartDt": "",
		  "expirDt": "2019-10-30",
		  "viewActlDt": "",
		  "prntActlDt": "",
		  "loadActlDt": "2019-10-30",
		  "redmActlDt": "",
		  "newCpnInd": "Y",
		  "cpnSuppressCd": "N",
		  "viewableInd": "Y",
		  "printableInd": "Y",
		  "loadableInd": "N",
		  "redeemableInd": "Y",
		  "cpnGroupingCd": "O",
		  "everWebRedeemableInd": "Y",
		  "appOnlyInd": "N",
		  "expSoonInd": "Y",
		  "cpnDefLastUpdtTs": "",
		  "autoReissueInd": "N",
		  "maxIssueCnt": "",
		  "storeNbr": 590,
		  "storeName": "",
		  "cpnFmtCd": "3",
		  "prodCpnInd": "N",
		  "itemLimitQty": 0,
		  "cpnRecptTxt": "Buy One Tide Get One Free",
		  "cpnQualTxt": "This is your monthly reward for enrolling into carepass",
		  "fndgCd": "",
		  "imageUrlTxt": "http://clip.pdn.coupons.com/cos20/_Cache/_ImageCache/123/17456123.gif",
		  "mfrInd": "N",
		  "mfrOfferValueDsc": "",
		  "mfrOfferBrandName": "",
		  "mfrOfferSrcTxt": "",
		  "homeStoreNbr": 1
		},
		{
		  "cmpgnId": 48122,
		  "cpnNbr": 78822,
		  "cpnSeqNbr": 99910100312225,
		  "cmpgnTypeCd": "B",
		  "cmpgnSubtypeCd": "C",
		  "mktgPrgCd": "",
		  "maxRedeemAmt": 3,
		  "cpnCreateDt": "",
		  "regRetlAmt": 0,
		  "cpnDsc": "This is an onCard MFR coupon. Buy 2 and save $1",
		  "webDsc": "Buy 5 of any dove products get $3EB",
		  "cpnTermsCd": 1,
		  "amtTypeCd": "D",
		  "absAmtInd": "N",
		  "pctOffAmt": 20,
		  "cpnValRqrdCd": "N",
		  "redmStartDt": "",
		  "expirDt": "2019-10-30",
		  "viewActlDt": "",
		  "prntActlDt": "",
		  "loadActlDt": "",
		  "redmActlDt": "",
		  "newCpnInd": "Y",
		  "cpnSuppressCd": "N",
		  "viewableInd": "Y",
		  "printableInd": "Y",
		  "loadableInd": "Y",
		  "redeemableInd": "Y",
		  "cpnGroupingCd": "O",
		  "everWebRedeemableInd": "Y",
		  "appOnlyInd": "N",
		  "expSoonInd": "Y",
		  "cpnDefLastUpdtTs": "",
		  "autoReissueInd": "N",
		  "maxIssueCnt": "",
		  "storeNbr": 590,
		  "storeName": "",
		  "cpnFmtCd": "M",
		  "prodCpnInd": "N",
		  "itemLimitQty": 0,
		  "cpnRecptTxt": "Buy One Tide Get One Free",
		  "cpnQualTxt": "",
		  "fndgCd": "",
		  "imageUrlTxt": "https://cdn.cpnscdn.com/static.coupons.com/ext/bussys/cpa/pod/07/558/707558_00c7af7d-d020-4ef2-b1a2-ef12d9933e99.gif",
		  "mfrInd": "Y",
		  "mfrOfferValueDsc": "Save $1.00",
		  "mfrOfferBrandName": "Hersheys",
		  "mfrOfferSrcTxt": "",
		  "homeStoreNbr": 1,
		  "cpnCats": [
			{
			  "cpnCatNbr": 1,
			  "cpnCatDsc": "Baby"
			},
			{
			  "cpnCatNbr": 2,
			  "cpnCatDsc": "Pesonal Care"
			}
		  ]
		}
	  ],
	  "mfrCpnAvailPool": [
		{
		  "cmpgnId": 38737,
		  "cpnNbr": 82127,
		  "maxRedeemAmt": 2,
		  "lastUpdtTs": "2018-09-30 04:19:34",
		  "newCpnInd": "Y",
		  "expSoonInd": "N",
		  "endTs": "20181027 23:59:00",
		  "imgUrlTxt": "https://cdn.cpnscdn.com/static.coupons.com/ext/bussys/cpa/pod/07/558/707558_00c7af7d-d020-4ef2-b1a2-ef12d9933e99.gif",
		  "mfrOfferValueDsc": "Save $2.00",
		  "mfrOfferBrandName": "Tide",
		  "fndgCd": 1,
		  "cpnDsc": "on ONE Tide PODS (excludes Tide Liquid Detergent, Tide Rescue, Tide Simply, Tide Simply Pods, Tide Pods 9 ct and below, and trial/travel size).,",
		  "cpnSortInd": "N",
		  "everWebRedeemableInd": "Y",
		  "cpnCats": [
			{
			  "cpnCatNbr": 1,
			  "cpnCatDsc": "Baby"
			},
			{
			  "cpnCatNbr": 5,
			  "cpnCatDsc": "Household"
			}
		  ]
		},
		{
		  "cmpgnId": 38755,
		  "cpnNbr": 82141,
		  "maxRedeemAmt": 5,
		  "lastUpdtTs": "2018-09-30 04:19:34",
		  "newCpnInd": "Y",
		  "expSoonInd": "N",
		  "endTs": "20181027 23:59:00",
		  "imgUrlTxt": "https://cdn.cpnscdn.com/static.coupons.com/ext/bussys/cpa/pod/07/558/707558_00c7af7d-d020-4ef2-b1a2-ef12d9933e99.gif",
		  "mfrOfferValueDsc": "Save $4.00",
		  "mfrOfferBrandName": "Kirkland",
		  "fndgCd": 1,
		  "cpnDsc": "on ONE Kirkland PODS (excludes Kirkland Liquid Detergent, Kirkland Rescue, Kirkland Simply, Kirkland Simply Pods, Kirkland Pods 9 ct and below, and trial/travel size).,",
		  "cpnSortInd": "Y",
		  "everWebRedeemableInd": "Y",
		  "cpnCats": [
			{
			  "cpnCatNbr": 1,
			  "cpnCatDsc": "Baby"
			},
			{
			  "cpnCatNbr": 5,
			  "cpnCatDsc": "Household"
			}
		  ]
		}
	  ],
	  "pts": [
		{
		  "cmpgnId": 44356,
		  "ptsQty": 4,
		  "mktgPrgCd": "",
		  "cmpgnTypeCd": "I",
		  "cmpgnSubtypeCd": "F",
		  "recptTxt": "Buy 4 get $5 off",
		  "cmpgnQualTxt": "Progress to free Essie polish",
		  "firstThrshldTypeCd": "D",
		  "firstThrshldLimNbr": 8,
		  "webDsc": "Essie Loyalty Club, Buy 4 nail polishes, get $5 off!",
		  "cmpgnEndDt": "20181231",
		  "cmpgnTermsTxt": "",
		  "ptsToNextThreshldQty": 4,
		  "offerLimitReachedInd": "false",
		  "endSoonInd": "false",
		  "newInd": "N",
		  "cpnCats": [
			{
			  "cpnCatNbr": 6,
			  "cpnCatDsc": "Personal Care"
			}
		  ]
		},
		{
		  "cmpgnId": 44356,
		  "ptsQty": 4,
		  "mktgPrgCd": "",
		  "cmpgnTypeCd": "I",
		  "cmpgnSubtypeCd": "F",
		  "recptTxt": "Buy 4 get 5th one for free",
		  "cmpgnQualTxt": "Progress to free Essie polish",
		  "firstThrshldTypeCd": "Q",
		  "firstThrshldLimNbr": 4,
		  "webDsc": "Essie Loyalty Club, Buy 4 nail polishes, get 5th for free!",
		  "cmpgnEndDt": "20181231",
		  "cmpgnTermsTxt": "",
		  "ptsToNextThreshldQty": 1,
		  "offerLimitReachedInd": "false",
		  "endSoonInd": "false",
		  "newInd": "N",
		  "cpnCats": [
			{
			  "cpnCatNbr": 6,
			  "cpnCatDsc": "Personal Care"
			}
		  ]
		},
		{
		  "cmpgnId": 44356,
		  "ptsQty": 4,
		  "mktgPrgCd": "H",
		  "cmpgnTypeCd": "E",
		  "cmpgnSubtypeCd": "H",
		  "recptTxt": "Pharmacy and Health ExtraBucks",
		  "cmpgnQualTxt": "Fill 10 prescriptions Get $5EB",
		  "firstThrshldTypeCd": "Q",
		  "firstThrshldLimNbr": 10,
		  "webDsc": "$5 Pharmacy and Health ExtraBucks Rewards",
		  "cmpgnEndDt": "20181231",
		  "cmpgnTermsTxt": "Fill 10 prescriptions and get $5 Pharmacy and Health ExtraBucks Rewards",
		  "ptsToNextThreshldQty": 6,
		  "offerLimitReachedInd": "false",
		  "endSoonInd": "false",
		  "newInd": "N",
		  "cpnCats": [
			{
			  "cpnCatNbr": 6,
			  "cpnCatDsc": "Personal Care"
			}
		  ]
		},
		{
		  "cmpgnId": 44356,
		  "ptsQty": 2,
		  "mktgPrgCd": "B",
		  "cmpgnTypeCd": "E",
		  "cmpgnSubtypeCd": "J",
		  "recptTxt": "Beauty Club",
		  "cmpgnQualTxt": "Spend $30 on Beauty, Get $3 EB",
		  "firstThrshldTypeCd": "D",
		  "ptsToNextThreshldQty": 20,
		  "firstThrshldLimNbr": 30,
		  "webDsc": "$3 ExtraBucks Rewards when you spend $30 on beauty",
		  "cmpgnEndDt": "20181231",
		  "cmpgnTermsTxt": "Spend $30 on beauty products and earn $3 ExtraBucks Rewards",
		  "endSoonInd": "false"
		},
		{
		  "cmpgnId": 44356,
		  "ptsQty": 0,
		  "mktgPrgCd": "",
		  "cmpgnTypeCd": "E",
		  "cmpgnSubtypeCd": "T",
		  "recptTxt": "Peb zero state offer",
		  "cmpgnQualTxt": "This is a PEB zero state offer",
		  "firstThrshldTypeCd": "D",
		  "ptsToNextThreshldQty": 20,
		  "firstThrshldLimNbr": 30,
		  "webDsc": "peb zero state offer",
		  "cmpgnEndDt": "20181231",
		  "cmpgnTermsTxt": "",
		  "endSoonInd": "false"
		}
	  ],
	  "pebAvailPool": [
		{
		  "cmpgnId": 44356,
		  "newInd": "N",
		  "endSoonInd": "false",
		  "cmpgnEndDt": "20181231",
		  "thrshldTypeCd": "D",
		  "webDsc": "Buy 3 Allergy Remedies and Get $10 ExtraBucks Rewards",
		  "cpnCats": [
			{
			  "cpnCatNbr": 6,
			  "cpnCatDsc": "Personal Care"
			}
		  ]
		}
	  ]
	}
  }
  