{"response": {
  "header": {
    "unencrypted_cvs_profile_id": "14564148342",
    "performCarePassZipCodeCheck": true,
    "extracareInfo": {
      "gender": "default",
      "address2": "",
      "city": "",
      "address1": "",
      "homePhone": "",
      "extracareCardNo": "",
      "cardType": "",
      "ecAccessLevel": "",
      "zipcode": "",
      "dob": "",
      "tieEcCardOverlay": "false",
      "redisKey": "",
      "state": "",
      "ecstate": "1"
    },
    "loggedInState": "Anonymous",
    "userDetails": {
      "firstName": "",
      "lastName": "",
      "rxTied": "",
      "emailAddress": "",
      "ecTied": "",
      "basketCount": "1"
    }
  },
  "config": {
    "analyticsData": {
      "Platform": "dweb",
      "env": "prd"
    },
    "displayMFRCoupons": "true",
    "couponStatusInterval": "15",
    "serviceUrls": {
      "createSingleCoupon": "/extracareservicesV2/CreateSingleCoupon?version=1.0&serviceName=ExtraCareService&operationName=createSingleCoupon&appName=CVS_WEB&channelName=MOBILE&deviceType=OTH_MOBILE&deviceToken=BLNK&lineOfBusiness=RETAIL&apiKey=a2ff75c6-2da7-4299-929d-d670d827ab4a&apiSecret=a8df2d6e-b11c-4b73-8bd3-71afc2515dae&serviceCORS=False",
      "singleCouponService": "/extracareservicesV2/SingleCoupon?version=4.0&serviceName=ExtraCareService&operationName=singleCoupon&appName=CVS_WEB&channelName=MOBILE&deviceType=OTH_MOBILE&deviceToken=BLNK&lineOfBusiness=RETAIL&apiKey=a2ff75c6-2da7-4299-929d-d670d827ab4a&apiSecret=a8df2d6e-b11c-4b73-8bd3-71afc2515dae&serviceCORS=False",
      "tieTransientEcCardService": "/extracareservices/tieExtraCareCard?serviceName=ExtraCareService&operationName=tieExtraCareCard&version=1.0&appName=CVS_WEB&channelName=MOBILE&deviceType=OTH_MOBILE&deviceToken=BLNK&lineOfBusiness=RETAIL&apiKey=a2ff75c6-2da7-4299-929d-d670d827ab4a&apiSecret=a8df2d6e-b11c-4b73-8bd3-71afc2515dae&serviceCORS=False",
      "loginService": "/retail/ProfileService?version=1.0&serviceName=ProfileService&operationName=loginUser&appName=CVS_WEB&channelName=MOBILE&deviceType=OTH_MOBILE&deviceToken=BLNK&lineOfBusiness=RETAIL&apiKey=a2ff75c6-2da7-4299-929d-d670d827ab4a&apiSecret=a8df2d6e-b11c-4b73-8bd3-71afc2515dae&serviceCORS=False",
      "bulkCouponService": "/extracareservicesV2/BulkCoupon?version=3.0&serviceName=ExtraCareService&operationName=bulkCoupon&appName=CVS_WEB&channelName=MOBILE&deviceType=OTH_MOBILE&deviceToken=BLNK&lineOfBusiness=RETAIL&apiKey=a2ff75c6-2da7-4299-929d-d670d827ab4a&apiSecret=a8df2d6e-b11c-4b73-8bd3-71afc2515dae&serviceCORS=False",
      "getCustomerProfile": "/assets/mock-services/getCust_ecHome.json",
      "couponDefinition": "/assets/mock-services/coupon_def_service.json",
      "logoutService": "/retail/ProfileService?version=1.0&serviceName=ProfileService&operationName=logoutUser&appName=CVS_WEB&channelName=MOBILE&deviceType=OTH_MOBILE&deviceToken=BLNK&lineOfBusiness=RETAIL&apiKey=a2ff75c6-2da7-4299-929d-d670d827ab4a&apiSecret=a8df2d6e-b11c-4b73-8bd3-71afc2515dae&serviceCORS=False",
      "setCustomerProfile": "/extracareservices/SetCustomerProfile?version=1.0&serviceName=ExtraCareService&operationName=setCustomerProfile&appName=CVS_WEB&channelName=MOBILE&deviceType=OTH_MOBILE&deviceToken=BLNK&lineOfBusiness=RETAIL&apiKey=a2ff75c6-2da7-4299-929d-d670d827ab4a&apiSecret=a8df2d6e-b11c-4b73-8bd3-71afc2515dae&serviceCORS=False"
    },
    "enableECStability": "false",
    "enablePrint128C": "true",
    "removeCardResponsive": "true",
    "bccSlotService": "https://services-sit2.cvs.com/minuteClinic/retailWebContent?appName=MCL_WEB&channelName=MOBILE&contentType=BCC&deviceID=device12345&deviceToken=12232434&deviceType=WIN_MOBILE&lineOfBusiness=MINUTE_CLINIC&operationName=retailWebContent&serviceCORS=true&serviceName=webContent&version=1.0&contentId=",
    "enableRedisCache": true,
    "enableHeaderSlotService": "true"
  },
  "status": {
    "code": "0000",
    "message": "Success"
  }
}}