{
    "response": {
        "header": {
            "statusCode": "0000",
            "statusDesc": "SUCCESS"
        },
        "taxResponse": {
            "totalTax": 0.49
        },
        "taxLineResult": [
            {
                "lineId": 1,
                "cityTaxBasisAmount": 0,
                "cityTaxAmount": 0,
                "cityTaxRate": 0,
                "countryTaxBasisAmount": 0,
                "countryTaxRate": 0,
                "countryTaxAmount": 0,
                "countyTaxBasisAmount": 6.99,
                "countyTaxAmount": 0.09,
                "generalCompletionCode": 0,
                "generalCompletionCodeDescription": "Tax calculation processing completed successfully.",
                "provinceTaxRate": 0.0575,
                "provinceTaxAmount": 0.4,
                "secCityTaxBasisAmount": 0,
                "secCityTaxRate": 0,
                "secCityTaxAmount": 0,
                "secCountyTaxBasisAmount": 0,
                "secCountyTaxRate": 0,
                "secCountyTaxAmount": 0,
                "secProvinceTaxBasisAmount": 0,
                "secProvinceTaxRate": 0,
                "secProvinceTaxAmount": 0,
                "territoryTaxBasisAmount": 0,
                "territoryTaxRate": 0,
                "territoryTaxAmount": 0
            }
        ]
    }
}