{
  "getCarePassCancellationInfoResponse": {
    "additionalDetails": {
      "personalInfo": {
        "email": "sm365@cvs.com",
        "profileId": "187340554",
        "cardLast4Digits": "2205",
        "firstName": "sourav"
      },
      "cancelReasonCodes": [
        {
          "cancelReasonCode": "8005",
          "cancelReasonDesc": "Poor benefits/value"
        },
        {
          "cancelReasonCode": "8004",
          "cancelReasonDesc": "High cost of membership"
        },
        {
          "cancelReasonCode": "8003",
          "cancelReasonDesc": "Fraud detected"
        },
        {
          "cancelReasonCode": "8002",
          "cancelReasonDesc": "Credit card expired"
        },
        {
          "cancelReasonCode": "8001",
          "cancelReasonDesc": "Bad service issue/experience"
        }
      ],
      "subscriptionInfo": {
        "refundSubscriptionTax": 3.08,
        "refundSubscriptionPrice": 44,
        "refundTotal": "47.08",
        "refundMonths": 11
      }
    },
    "header": {
      "statusCode": "0000",
      "statusDesc": "Success"
    }
  }
}