{
  "response": {
    "details": {
      "order": {
        "bopusItemCount": 0,
        "shipAndSaveItemCount": 0,
        "inProgressRewards": [
          
        ],
        "commerceItems": [
          {
            "itemOrderData": {
              "isEmployeeDiscApplied": "N",
              "rawTotalPrice": 43.89,
              "rewardProgress": "N",
              "isArApplied": "",
              "itemTotal": "43.89",
              "selectedShipSaveOption": "",
              "commerceItemId": "ci5156384797",
              "qty": 1,
              "isQtyAdjusted": "N",
              "estDeliveryInfoText": "Home delivery items",
              "selectedFulfillmentOption": "HD",
              "savingsApplied": "N"
            },
            "itemCatalogData": {
              "bopus_stock": "Unknown",
              "weight": "0.01 LBS",
              "echSavingsFlag": "N",
              "measure": "EACH",
              "maxQty": "",
              "fsaEligibleFlag": "N",
              "freeShippingFlag": "Y",
              "webOnlyFlag": "N",
              "bopus_eligible_product_flag": "false",
              "alternateSkuAvailFlag": "N",
              "availableFulfillmentOptions": [
                "HD"
              ],
              "itemPrice": {
                "listPrice": "43.89",
                "Sale Price": "43.89"
              },
              "itemSurchargeFlag": "N",
              "size": 1,
              "upcNumber": "400000444628",
              "skuId": 417696,
              "brand": "CVS Club 1st Year Membership",
              "balance_on_hand_stock_level": "0",
              "displayName": "CVS Club 1st Year Membership",
              "shipHazardFlag": "N"
            }
          }
        ],
        "estDeliveryInfoText": null,
        "externalId": "20088304",
        "isSPURxTied": false,
        "orderShippingInfo": {
          "shippingMethod": {
            "selectedShippingMethod": "500",
            "availableShippingMethods": [
              {
                "code": "500",
                "displayValue": "noData"
              }
            ]
          },
          "shippingAddress": {
            "lastName": "Mitra",
            "zip": "75081",
            "state": "TX",
            "address1": "123 Main St",
            "emailAddress": "it1.sm@cvs.com",
            "address2": "Address line 2",
            "firstName": "Sourav",
            "city": "Richardson"
          }
        },
        "isOrderPlacedByGuestUser": "Y",
        "totalSavings": "5.49",
        "freeShippingThresholdAmount": 49,
        "freeShippingQualifyText": "",
        "totalItemCount": 1,
        "visaInfo": {
          
        },
        "storeDetails": {
          
        },
        "extracareCardNumber": "4872000130010",
        "ecCardInOrderFlag": "true",
        "orderId": "o155666354",
        "earnedRewards": [
          
        ],
        "orderBillingInfo": [
          {
            "paymentInfo": {
              "paymentType": "CC",
              "ccLast4Digits": "1111",
              "cardType": "visa"
            },
            "addressInfo": {
              "lastName": "Mitra",
              "zip": "75081",
              "state": "TX",
              "address1": "123 Main St",
              "address2": "Address line 2",
              "firstName": "Sourav",
              "city": "Richardson"
            }
          }
        ],
        "orderState": "ACKNOWLEDGED",
        "freeShippingEligible": 1,
        "hdDeliveryItemCount": 1,
        "orderSummary": {
          "total": "43.89",
          "shipping": "0.00",
          "tax": "0.00",
          "employeeDiscounts": "0.00",
          "clubBucksRewards": "0.00",
          "subtotal": "43.89",
          "extraCareRewards": "0.00",
          "fsaEligibleAmount": "0.00"
        },
        "bopus_eligible_store_flag": "false",
        "my_cvs_store_id": "",
        "freeShippingReqAmount": 0,
        "orderSubmittedDate": "03/26/2018",
        "molinaUser": false,
        "appliedPromotions": [
          {
            "promotionId": "770027",
            "desc": "Covergirl Free Shipping",
            "discount": "5.49"
          }
        ],
          "subscriptionName": null,
          "carePassInformation": {
            "carePassSubscriptionType": "MONTHLY",
            "carePassFreeShippingEligible": true
          }
        }
    },
    "header": {
      "statusCode": "0000",
      "statusDesc": "SUCCESS"
    }
  }
}