{
  "getDigitalProfileResponse": {
    "additionalDetails": {
      "lastName": "adivanne",
      "carePassEnrollmentStatus": "ENROLLED",
      "subscriptionPrice": "5.00",
      "billingDate": "07/21/2018",
      "benefitEligibilityDt": "07/21/2018",
      "carePassCpns": [
        {
          "expirationDate": "07/21/2018",
          "couponSequencenumber": "10000062859229",
          "description": "CarePass $10 reward",
          "daysToExpire": 24,
          "cpnAmount": 10
        }
      ],
      "carePassSubscriptionType": "MONTHLY",
      "cardList": [
        {
          "cardId": "usercc19051255",
          "lastName": "adivanne",
          "expirationDateIndicator": "Green",
          "state": "NJ",
          "address1": "1333 valley road",
          "city": "wayne",
          "emailId": null,
          "postalCode": "07470",
          "phoneNumber": null,
          "token": "5444002937802205",
          "expirationMonth": "04",
          "expirationYear": "2020",
          "fSACard": false,
          "defaultCard": true,
          "firstName": "harish",
          "carePassEnrolled": true,
          "creditCardType": "masterCard"
        }
      ],
      "primaryAccountHolder": true,
      "email": "harish.adivanne55@cvs.com",
      "profileId": "196090687",
      "carePassCreditAvailable": true,
      "rxTied": false,
      "extracareCardNumber": "4765181004211",
      "ecTied": true,
      "carePassEnrollDt": "06/21/2018",
      "carePassEnrolled": true,
      "firstName": "harish",
      "carePassExpiryDt": "07/21/2018"
    },
    "header": {
      "statusCode": "0000",
      "statusDesc": "Success"
    }
  }
}
