[{
    "id": null,
    "status": null,
    "users": 3,
    "activeContests": 12,
    "closedContests": 11,
    "contestname": "WellsFargo Codathon",
    "startDate": "2015-10-12",
    "endDate": "2015-12-12",
    "activeContestUsers": 3,
    "multiSites": 2
}, {
    "id": null,
    "status": null,
    "users": 3,
    "activeContests": 2,
    "closedContests": 1,
    "contestname": "The Ultimate Challenge",
    "startDate": "2012-11-05",
    "endDate": "2015-12-25",
    "activeContestUsers": 0,
    "multiSites": 2
}]
