[
  {
    "_id": "5739a9fed3012a1c775d245a",
    "fileName": "Split_Operating_Statements.pdf",
    "tiffId": "5739a9fed3012a1c755d245a",
    "status": "Processed",
    "template": "GenerateText",
    "createdDate": "2016-05-16 16:37:43",
    "origionalId": "5739a9fed3012a1c735d245a"
  },
  {
    "_id": "5739a98ad3012a1c725d245a",
    "fileName": "QuotesInformation.png",
    "tiffId": "5739a98ad3012a1c705d245a",
    "status": "Processed",
    "template": "GenerateText",
    "createdDate": "2016-05-16 16:35:46",
    "origionalId": "5739a98ad3012a1c6e5d245a"
  },
  {
    "_id": "5739a8d2d3012a1c6d5d245a",
    "fileName": "Split_Operating_Statements.pdf",
    "tiffId": "5739a8d2d3012a1c6b5d245a",
    "status": "Processed",
    "template": "SampleTemplate",
    "createdDate": "2016-05-16 16:32:42",
    "origionalId": "5739a8d2d3012a1c695d245a"
  },
  {
    "_id": "5739a57cd3012a1c685d245a",
    "fileName": "images.png",
    "tiffId": "5739a57cd3012a1c665d245a",
    "status": "Processed",
    "template": "GenerateText",
    "createdDate": "2016-05-16 16:18:28",
    "origionalId": "5739a57cd3012a1c645d245a"
  },
  {
    "_id": "5739a484d3012a1c635d245a",
    "fileName": "StatementInfo.png",
    "tiffId": "5739a484d3012a1c565d245a",
    "status": "Processed",
    "template": "GenerateText",
    "createdDate": "2016-05-16 16:14:20",
    "origionalId": "5739a484d3012a1c545d245a"
  },
  {
    "_id": "5739a406d3012a1c535d245a",
    "fileName": "Split_Operating_Statements.pdf",
    "tiffId": "5739a406d3012a1c515d245a",
    "status": "Processed",
    "template": "SampleTemplate",
    "createdDate": "2016-05-16 16:12:14",
    "origionalId": "5739a406d3012a1c4f5d245a"
  },
  {
    "_id": "5739a37bd3012a1c4e5d245a",
    "fileName": "Split_Operating_Statements2.pdf",
    "tiffId": "5739a37bd3012a1c4c5d245a",
    "status": "Pending",
    "template": "none",
    "createdDate": "2016-05-16 16:09:55",
    "origionalId": "5739a37bd3012a1c4a5d245a"
  },
  {
    "_id": "573976b3a6c9971dfc10df9c",
    "fileName": "ocrtestjpg.jpg",
    "tiffId": "573976b3a6c9971def10df9c",
    "status": "Processed",
    "template": "GenerateText",
    "createdDate": "2016-05-16 12:58:52",
    "origionalId": "573976b3a6c9971ded10df9c"
  },
  {
    "_id": "573974ced528971d524e1ba1",
    "fileName": "ocrtestpng.png",
    "tiffId": "573974ced528971d454e1ba1",
    "status": "Processed",
    "template": "GenerateText",
    "createdDate": "2016-05-16 12:50:47",
    "origionalId": "573974ced528971d434e1ba1"
  },
  {
    "_id": "573963d9d528971d404e1ba1",
    "fileName": "TestOCR1.pdf",
    "tiffId": "573963d9d528971d3e4e1ba1",
    "status": "Pending",
    "template": "none",
    "createdDate": "2016-05-16 11:38:25",
    "origionalId": "573963d9d528971d3c4e1ba1"
  },
  {
    "_id": "57372dfa13ee50db691cd295",
    "fileName": "TestOCR2.pdf",
    "tiffId": "57372dfa13ee50db671cd295",
    "status": "Processed",
    "template": "SampleTemplate",
    "createdDate": "2016-05-14 07:24:02",
    "origionalId": "57372dfa13ee50db651cd295"
  },
  {
    "_id": "57372db413ee50db641cd295",
    "fileName": "TestOCR1.pdf",
    "tiffId": "57372db413ee50db621cd295",
    "status": "Processed",
    "template": "Other",
    "createdDate": "2016-05-14 07:22:52",
    "origionalId": "57372db413ee50db601cd295"
  },
  {
    "_id": "57372d3013ee50db5f1cd295",
    "fileName": "TestOCR2.pdf",
    "tiffId": "57372d3013ee50db5d1cd295",
    "status": "Processed",
    "template": "SampleTemplate",
    "createdDate": "2016-05-14 07:20:40",
    "origionalId": "57372d3013ee50db5b1cd295"
  },
  {
    "_id": "57372bd913ee50db5a1cd295",
    "fileName": "Split_Operating_Statements_bb.pdf",
    "tiffId": "57372bd913ee50db581cd295",
    "status": "Processed",
    "template": "SampleTemplate",
    "createdDate": "2016-05-14 07:14:57",
    "origionalId": "57372bd913ee50db561cd295"
  },
  {
    "_id": "57372a3d13ee50db551cd295",
    "fileName": "Split_Operating_Statements3.pdf",
    "tiffId": "57372a3d13ee50db531cd295",
    "status": "Processed",
    "template": "Other",
    "createdDate": "2016-05-14 07:08:05",
    "origionalId": "57372a3d13ee50db511cd295"
  },
  {
    "_id": "57372a0e13ee50db501cd295",
    "fileName": "TestOCR1.pdf",
    "tiffId": "57372a0e13ee50db4e1cd295",
    "status": "Processed",
    "template": "SampleTemplate",
    "createdDate": "2016-05-14 07:07:18",
    "origionalId": "57372a0e13ee50db4c1cd295"
  },
  {
    "_id": "573729cc13ee50db4b1cd295",
    "fileName": "TestOCR1.pdf",
    "tiffId": "573729cc13ee50db491cd295",
    "status": "Processed",
    "template": "SampleTemplate",
    "createdDate": "2016-05-14 07:06:13",
    "origionalId": "573729cc13ee50db471cd295"
  },
  {
    "_id": "5737291813ee50db461cd295",
    "fileName": "SIva_Split_Operating_Statements1.pdf",
    "tiffId": "5737291813ee50db441cd295",
    "status": "Processed",
    "template": "SampleTemplate",
    "createdDate": "2016-05-14 07:03:12",
    "origionalId": "5737291813ee50db421cd295"
  },
  {
    "_id": "5736f2d413ee50db411cd295",
    "fileName": "Split_Operating_Statements3.pdf",
    "tiffId": "5736f2d413ee50db3f1cd295",
    "status": "Processed",
    "template": "SampleTemplate",
    "createdDate": "2016-05-14 03:11:40",
    "origionalId": "5736f2d413ee50db3d1cd295"
  },
  {
    "_id": "5736ef9e13ee50db3c1cd295",
    "fileName": "SIva_Split_Operating_Statements1.pdf",
    "tiffId": "5736ef9e13ee50db3a1cd295",
    "status": "Processed",
    "template": "SampleTemplate",
    "createdDate": "2016-05-14 02:57:59",
    "origionalId": "5736ef9e13ee50db381cd295"
  },
  {
    "_id": "5736ef0913ee50db371cd295",
    "fileName": "Split_Operating_Statements3.pdf",
    "tiffId": "5736ef0913ee50db351cd295",
    "status": "Processed",
    "template": "SampleTemplate",
    "createdDate": "2016-05-14 02:55:29",
    "origionalId": "5736ef0913ee50db331cd295"
  },
  {
    "_id": "5736ebdb13ee50db321cd295",
    "fileName": "TestOCR2.pdf",
    "tiffId": "5736ebdb13ee50db301cd295",
    "status": "Processed",
    "template": "SampleTemplate",
    "createdDate": "2016-05-14 02:41:55",
    "origionalId": "5736ebdb13ee50db2e1cd295"
  },
  {
    "_id": "57355d8577ca971d2248d743",
    "fileName": "Split_Operating_Statements3.pdf",
    "tiffId": "57355d8177ca971d2048d743",
    "status": "Processed",
    "template": "SampleTemplate",
    "createdDate": "2016-05-13 10:22:21",
    "origionalId": "57355d7c77ca971d1e48d743"
  },
  {
    "_id": "57355c9b2603971de7b5f54f",
    "fileName": "TestOCR1.pdf",
    "tiffId": "57355c9b2603971de5b5f54f",
    "status": "Processed",
    "template": "SampleTemplate",
    "createdDate": "2016-05-13 10:18:27",
    "origionalId": "57355c9b2603971de3b5f54f"
  },
  {
    "_id": "57355c2d2603971de2b5f54f",
    "fileName": "TestOCR2.pdf",
    "tiffId": "57355c2d2603971de0b5f54f",
    "status": "Processed",
    "template": "SampleTemplate",
    "createdDate": "2016-05-13 10:16:37",
    "origionalId": "57355c2d2603971ddeb5f54f"
  },
  {
    "_id": "5735ddb913ee50db2d1cd295",
    "fileName": "Split_Operating_Statements2.pdf",
    "tiffId": "5735ddb913ee50db2b1cd295",
    "status": "Processed",
    "template": "SampleTemplate",
    "createdDate": "2016-05-13 07:29:21",
    "origionalId": "5735ddb913ee50db291cd295"
  },
  {
    "_id": "5735ddae13ee50db281cd295",
    "fileName": "Split_Operating_Statements_bb.pdf",
    "tiffId": "5735ddae13ee50db261cd295",
    "status": "Processed",
    "template": "Other",
    "createdDate": "2016-05-13 07:29:10",
    "origionalId": "5735ddae13ee50db241cd295"
  },
  {
    "_id": "5735c31813ee50db231cd295",
    "fileName": "SIva_Split_Operating_Statements1.pdf",
    "tiffId": "5735c31813ee50db211cd295",
    "status": "Processed",
    "template": "SampleTemplate",
    "createdDate": "2016-05-13 05:35:44",
    "origionalId": "5735c31813ee50db1f1cd295"
  },
  {
    "_id": "5735c2bc13ee50db1e1cd295",
    "fileName": "SIva_Split_Operating_Statements1.pdf",
    "tiffId": "5735c2bc13ee50db1c1cd295",
    "status": "Processed",
    "template": "SampleTemplate",
    "createdDate": "2016-05-13 05:34:13",
    "origionalId": "5735c2bc13ee50db1a1cd295"
  },
  {
    "_id": "5735c20113ee50db191cd295",
    "fileName": "TestOCR2.pdf",
    "tiffId": "5735c20113ee50db171cd295",
    "status": "Processed",
    "template": "SampleTemplate",
    "createdDate": "2016-05-13 05:31:05",
    "origionalId": "5735c20113ee50db151cd295"
  },
  {
    "_id": "5735c12d13ee50db141cd295",
    "fileName": "TestOCR1.pdf",
    "tiffId": "5735c12d13ee50db121cd295",
    "status": "Processed",
    "template": "SampleTemplate",
    "createdDate": "2016-05-13 05:27:33",
    "origionalId": "5735c12d13ee50db101cd295"
  },
  {
    "_id": "5735c0ae13ee50db0f1cd295",
    "fileName": "Split_Operating_Statements3.pdf",
    "tiffId": "5735c0ae13ee50db0d1cd295",
    "status": "Processed",
    "template": "SampleTemplate",
    "createdDate": "2016-05-13 05:25:26",
    "origionalId": "5735c0ae13ee50db0b1cd295"
  },
  {
    "_id": "5735bfdf13ee50db0a1cd295",
    "fileName": "SIva_Split_Operating_Statements1.pdf",
    "tiffId": "5735bfdf13ee50db081cd295",
    "status": "Processed",
    "template": "SampleTemplate",
    "createdDate": "2016-05-13 05:21:59",
    "origionalId": "5735bfdf13ee50db061cd295"
  },
  {
    "_id": "5735bfa113ee50db051cd295",
    "fileName": "Split_Operating_Statements_bb.pdf",
    "tiffId": "5735bfa113ee50db031cd295",
    "status": "Processed",
    "template": "SampleTemplate",
    "createdDate": "2016-05-13 05:20:57",
    "origionalId": "5735bfa113ee50db011cd295"
  },
  {
    "_id": "5735be9613ee50db001cd295",
    "fileName": "TestOCR1.pdf",
    "tiffId": "5735be9613ee50dbfe1bd295",
    "status": "Processed",
    "template": "SampleTemplate",
    "createdDate": "2016-05-13 05:16:30",
    "origionalId": "5735be9613ee50dbfc1bd295"
  },
  {
    "_id": "5735be8c13ee50dbfb1bd295",
    "fileName": "TestOCR2.pdf",
    "tiffId": "5735be8c13ee50dbf91bd295",
    "status": "Processed",
    "template": "SampleTemplate",
    "createdDate": "2016-05-13 05:16:20",
    "origionalId": "5735be8c13ee50dbf71bd295"
  },
  {
    "_id": "5735be4713ee50dbf61bd295",
    "fileName": "Split_Operating_Statements3.pdf",
    "tiffId": "5735be4713ee50dbf41bd295",
    "status": "Processed",
    "template": "SampleTemplate",
    "createdDate": "2016-05-13 05:15:11",
    "origionalId": "5735be4713ee50dbf21bd295"
  },
  {
    "_id": "5735bdf413ee50dbf11bd295",
    "fileName": "ocrtestpng.png",
    "tiffId": "5735bdf413ee50dbe41bd295",
    "status": "Processed",
    "template": "Other",
    "createdDate": "2016-05-13 05:13:49",
    "origionalId": "5735bdf413ee50dbe21bd295"
  },
  {
    "_id": "5735bcd83ff850dbeb34cf5e",
    "fileName": "ocrtestpng.png",
    "tiffId": "5735bcd83ff850dbe934cf5e",
    "status": "Pending",
    "template": "none",
    "createdDate": "2016-05-13 05:09:04",
    "origionalId": "5735bcd83ff850dbe734cf5e"
  },
  {
    "_id": "57359ef50fc450db9b83f788",
    "fileName": "TestOCR1.pdf",
    "tiffId": "57359ef50fc450db9983f788",
    "status": "Pending",
    "template": "none",
    "createdDate": "2016-05-13 03:01:34",
    "origionalId": "57359ef50fc450db9783f788"
  },
  {
    "_id": "57359ec70fc450db9683f788",
    "fileName": "TestOCR2.pdf",
    "tiffId": "57359ec70fc450db9483f788",
    "status": "Pending",
    "template": "none",
    "createdDate": "2016-05-13 03:00:47",
    "origionalId": "57359ec70fc450db9283f788"
  },
  {
    "_id": "5734786475db7e39d2ee1964",
    "fileName": "ocrtestpngbharth.png",
    "tiffId": "5734786475db7e39c5ee1964",
    "status": "Processed",
    "template": "Other",
    "createdDate": "2016-05-12 06:04:44",
    "origionalId": "5734786475db7e39c3ee1964"
  },
  {
    "_id": "5734783475db7e39c2ee1964",
    "fileName": "SIva_Split_Operating_Statements1.pdf",
    "tiffId": "5734783475db7e39c0ee1964",
    "status": "Processed",
    "template": "SampleTemplate",
    "createdDate": "2016-05-12 06:03:56",
    "origionalId": "5734783475db7e39beee1964"
  },
  {
    "_id": "57346f3975db7e39bdee1964",
    "fileName": "SIva_Split_Operating_Statements1.pdf",
    "tiffId": "57346f3975db7e39bbee1964",
    "status": "Processed",
    "template": "SampleTemplate",
    "createdDate": "2016-05-12 05:25:38",
    "origionalId": "57346f3975db7e39b9ee1964"
  },
  {
    "_id": "57345843adb27e392e064b41",
    "fileName": "Split_Operating_Statements2.pdf",
    "tiffId": "57345843adb27e392c064b41",
    "status": "Processed",
    "template": "SampleTemplate",
    "createdDate": "2016-05-12 03:47:39",
    "origionalId": "57345843adb27e392a064b41"
  },
  {
    "_id": "57345537d12f7e39b566b989",
    "fileName": "Split_Operating_Statements3.pdf",
    "tiffId": "57345537d12f7e39b366b989",
    "status": "Processed",
    "template": "SampleTemplate",
    "createdDate": "2016-05-12 03:34:39",
    "origionalId": "57345537d12f7e39b166b989"
  },
  {
    "_id": "57345363d12f7e39b066b989",
    "fileName": "TestOCR1.pdf",
    "tiffId": "57345363d12f7e39ae66b989",
    "status": "Processed",
    "template": "Other",
    "createdDate": "2016-05-12 03:26:52",
    "origionalId": "57345363d12f7e39ac66b989"
  },
  {
    "_id": "5734423b3c7a7e39bede85d6",
    "fileName": "ocrtestpng.png",
    "tiffId": "5734423b3c7a7e39b1de85d6",
    "status": "Processed",
    "template": "Other",
    "createdDate": "2016-05-12 02:13:40",
    "origionalId": "5734423b3c7a7e39afde85d6"
  },
  {
    "_id": "573441e73c7a7e39aede85d6",
    "fileName": "TestOCR1.pdf",
    "tiffId": "573441e73c7a7e39acde85d6",
    "status": "Processed",
    "template": "SampleTemplate",
    "createdDate": "2016-05-12 02:12:16",
    "origionalId": "573441e73c7a7e39aade85d6"
  }
]