[
  {
    "_id": "5721b5ef540d2730d9eb89cb",
    "fileName": "ocrtestpng.png1513708104503796429.png",
    "tiffId": "5721b5ec540d2730cceb89cb",
    "status": "Pending",
    "createdDate": "2016-04-28"
  },
  {
    "_id": "6sadf987a9sd87f98as9df7",
    "fileName": "pcrpng.png235235326429.png",
    "tiffId": "5721b5ec540d2730cceb89cb",
    "status": "Pending",
    "createdDate": "2016-04-28"
  },
  {
    "_id": "7sadf979asdf9087asdfb",
    "fileName": "ktnpgs.png48327083452352345.png",
    "tiffId": "5721b5ec540d2730cceb89cb",
    "status": "Pending",
    "createdDate": "2016-04-28"
  }
]