[
  {
    "_id": "57331fbcb3ca7e3940dc854d",
    "fileName": "test.pdf",
    "tiffId": "57331fbcb3ca7e393edc854d",
    "status": "Pending",
    "template": "none",
    "createdDate": "2016-05-11 05:34:12",
    "origionalId": "57331fbcb3ca7e393cdc854d"
  },
  {
    "_id": "5733188087697e3943ef00be",
    "fileName": "test.pdf",
    "tiffId": "5733188087697e3941ef00be",
    "status": "Processed",
    "template": "BalSheetTest",
    "createdDate": "2016-05-11 05:03:20",
    "origionalId": "5733188087697e393fef00be"
  },
  {
    "_id": "573317e205567e39f2ce68ec",
    "fileName": "test.pdf",
    "tiffId": "573317e205567e39f0ce68ec",
    "status": "Processed",
    "template": "BalSheetTest",
    "createdDate": "2016-05-11 05:00:43",
    "origionalId": "573317e205567e39eece68ec"
  },
  {
    "_id": "5733173713b17e39b28f1571",
    "fileName": "test.pdf",
    "tiffId": "5733173713b17e39b08f1571",
    "status": "Processed",
    "template": "BalSheetTest",
    "createdDate": "2016-05-11 04:57:51",
    "origionalId": "5733173713b17e39ae8f1571"
  },
  {
    "_id": "573316304a767e398f70df08",
    "fileName": "test.pdf",
    "tiffId": "573316304a767e398d70df08",
    "status": "Processed",
    "template": "BalSheetTest",
    "createdDate": "2016-05-11 04:53:28",
    "origionalId": "573316304a767e398b70df08"
  },
  {
    "_id": "5733128f1fae7e39982f83e3",
    "fileName": "test.pdf",
    "tiffId": "5733128f1fae7e39962f83e3",
    "status": "Processed",
    "template": "BalSheetTest",
    "createdDate": "2016-05-11 04:37:59",
    "origionalId": "5733128f1fae7e39942f83e3"
  },
  {
    "_id": "57330ddf04987e39f06fd2c6",
    "fileName": "test.pdf",
    "tiffId": "57330ddf04987e39ee6fd2c6",
    "status": "Processed",
    "template": "BalSheetTest",
    "createdDate": "2016-05-11 04:17:59",
    "origionalId": "57330ddf04987e39ec6fd2c6"
  },
  {
    "_id": "57330a80f9347e393861c3a2",
    "fileName": "btest.pdf",
    "tiffId": "57330a80f9347e393661c3a2",
    "status": "Processed",
    "template": "BalanceSheet",
    "createdDate": "2016-05-11 04:03:37",
    "origionalId": "57330a80f9347e393461c3a2"
  },
  {
    "_id": "5732f4daf9347e393261c3a2",
    "fileName": "TestOCR1.pdf",
    "tiffId": "5732f4daf9347e393061c3a2",
    "status": "Processed",
    "template": "Test",
    "createdDate": "2016-05-11 02:31:15",
    "origionalId": "5732f4daf9347e392e61c3a2"
  },
  {
    "_id": "5732f3a5c75f7e39b1987ae8",
    "fileName": "TestOCR2.pdf",
    "tiffId": "5732f3a5c75f7e39af987ae8",
    "status": "Processed",
    "template": "Test",
    "createdDate": "2016-05-11 02:26:05",
    "origionalId": "5732f3a4c75f7e39ad987ae8"
  },
  {
    "_id": "5732f2856d1f7e39e24a98fd",
    "fileName": "TestOCR1.pdf",
    "tiffId": "5732f2856d1f7e39e04a98fd",
    "status": "Processed",
    "template": "Test",
    "createdDate": "2016-05-11 02:21:17",
    "origionalId": "5732f2856d1f7e39de4a98fd"
  },
  {
    "_id": "5732dfbb18117e3998f20154",
    "fileName": "ocrtestpng.png",
    "tiffId": "5732df9918117e398bf20154",
    "status": "Pending",
    "template": "",
    "createdDate": "2016-05-11 01:01:07",
    "origionalId": "5732df9418117e3989f20154"
  },
  {
    "_id": "5731d2aeb4557e3963299525",
    "fileName": "images_text.png",
    "tiffId": "5731d2aeb4557e3961299525",
    "status": "Pending",
    "template": "none",
    "createdDate": "2016-05-10 05:53:11"
  },
  {
    "_id": "5731cd61b4557e395e299525",
    "fileName": "TestOCR2.pdf",
    "tiffId": "5731cd61b4557e395c299525",
    "status": "Pending",
    "template": "none",
    "createdDate": "2016-05-10 05:30:33"
  },
  {
    "_id": "5731cd54b4557e3959299525",
    "fileName": "TestOCR1.pdf",
    "tiffId": "5731cd54b4557e3957299525",
    "status": "Processed",
    "template": "Other",
    "createdDate": "2016-05-10 05:30:21"
  },
  {
    "_id": "5731cd2db4557e3954299525",
    "fileName": "TestOCR1.pdf",
    "tiffId": "5731cd2db4557e3952299525",
    "status": "Pending",
    "template": "none",
    "createdDate": "2016-05-10 05:29:41"
  },
  {
    "_id": "5731cc7db4557e394f299525",
    "fileName": "TestOCR2.pdf",
    "tiffId": "5731cc7db4557e394d299525",
    "status": "Pending",
    "template": "none",
    "createdDate": "2016-05-10 05:26:46"
  },
  {
    "_id": "5731ad0ab4557e394a299525",
    "fileName": "Harriet-Text_and_Display.png",
    "tiffId": "5731ad0ab4557e393d299525",
    "status": "Pending",
    "template": "none",
    "createdDate": "2016-05-10 03:12:34"
  },
  {
    "_id": "5731a526b4557e393a299525",
    "fileName": "Split_Operating_Statements1.pdf",
    "tiffId": "5731a526b4557e3938299525",
    "status": "Processed",
    "template": "Test",
    "createdDate": "2016-05-10 02:38:54"
  },
  {
    "_id": "5731a50eb4557e3935299525",
    "fileName": "Split_Operating_Statements3.pdf",
    "tiffId": "5731a50eb4557e3933299525",
    "status": "Processed",
    "template": "Test",
    "createdDate": "2016-05-10 02:38:31"
  },
  {
    "_id": "5731a4fab4557e3930299525",
    "fileName": "Split_Operating_Statements1.pdf",
    "tiffId": "5731a4fab4557e392e299525",
    "status": "Processed",
    "template": "Test",
    "createdDate": "2016-05-10 02:38:10"
  },
  {
    "_id": "5731a13206167e3915d127b7",
    "fileName": "ocrtestpng.png",
    "tiffId": "5731a13206167e3908d127b7",
    "status": "Processed",
    "template": "Other",
    "createdDate": "2016-05-10 02:22:02"
  },
  {
    "_id": "5731a08606167e3905d127b7",
    "fileName": "Harriet-Text_and_Display.png",
    "tiffId": "5731a08606167e39f8d027b7",
    "status": "Pending",
    "template": "none",
    "createdDate": "2016-05-10 02:19:10"
  },
  {
    "_id": "5731937a06167e39f5d027b7",
    "fileName": "P1I1D072F1_15STYPEDDA.pdf",
    "tiffId": "5731937a06167e39f2d027b7",
    "status": "Processed",
    "template": "Other",
    "createdDate": "2016-05-10 01:23:30"
  },
  {
    "_id": "573192be06167e39efd027b7",
    "fileName": "HeadFirstJspChapter9.pdf",
    "tiffId": "573192be06167e39bbd027b7",
    "status": "Processed",
    "template": "Other",
    "createdDate": "2016-05-10 01:20:23"
  },
  {
    "_id": "5731922d06167e39a0d027b7",
    "fileName": "Innovation Lab_Project Report_042216.pdf",
    "tiffId": "5731922d06167e399bd027b7",
    "status": "Processed",
    "template": "Other",
    "createdDate": "2016-05-10 01:17:58"
  },
  {
    "_id": "5731911106167e3997d027b7",
    "fileName": "1510048576 (1).pdf",
    "tiffId": "5731911106167e3995d027b7",
    "status": "Processed",
    "template": "Test",
    "createdDate": "2016-05-10 01:13:13"
  },
  {
    "_id": "57301a32b0507e39e43a591d",
    "fileName": "ocrtestpng.png",
    "tiffId": "57301a32b0507e39d73a591d",
    "status": "Processed",
    "template": "Other",
    "createdDate": "2016-05-09 10:33:47"
  },
  {
    "_id": "57301a16b0507e39d43a591d",
    "fileName": "TestOCR2.pdf",
    "tiffId": "57301a16b0507e39d23a591d",
    "status": "Processed",
    "template": "Test",
    "createdDate": "2016-05-09 10:33:18"
  },
  {
    "_id": "573019bfb0507e39cf3a591d",
    "fileName": "TestOCR1.pdf",
    "tiffId": "573019bfb0507e39cd3a591d",
    "status": "Processed",
    "template": "Test",
    "createdDate": "2016-05-09 10:31:52"
  },
  {
    "_id": "57304d5837067e3981480958",
    "fileName": "msword_text_rendering.png",
    "tiffId": "57304d5837067e397d480958",
    "status": "Processed",
    "template": "Other",
    "createdDate": "2016-05-09 02:12:00"
  },
  {
    "_id": "57304be237067e397a480958",
    "fileName": "Harriet-Text_and_Display.png",
    "tiffId": "57304be237067e396d480958",
    "status": "Processed",
    "template": "Other",
    "createdDate": "2016-05-09 02:05:46"
  },
  {
    "_id": "5730410637067e396a480958",
    "fileName": "download.png",
    "tiffId": "5730410637067e3968480958",
    "status": "Processed",
    "template": "Other",
    "createdDate": "2016-05-09 01:19:26"
  },
  {
    "_id": "5730404737067e3965480958",
    "fileName": "dashboard.jpg",
    "tiffId": "5730404737067e3955480958",
    "status": "Processed",
    "template": "Other",
    "createdDate": "2016-05-09 01:16:15"
  }
]