{
  "name": "aim_ui",
  "display-name": "AIMUI",
  "description": "AIM is modern UI application for AIM",
  "install-instructions": ["Sets up UAM stuff", "Installs the app"],
  "parameters": [
    {
      "name": "Module name",
      "script-arg": "--moduleName",
      "default": "aim_ui",
      "type": "internal-no-store"
    },
    {
      "name": "Temporary directory",
      "description": "Directory where the module contents will be unpacked temporarily.",
      "script-arg": "--tempDir",
      "type": "internal-no-store"
    },
    {
      "name": "Log directory",
      "script-arg": "--logDirectory",
      "type": "internal-no-store"
    },
    {
      "name": "Gridstream product home",
      "description": "Root installation directory for Gridstream applications. InSight components will be installed to the subdirectory 'Monitoring' under the product home directory.",
      "script-arg": "--gsProductHome",
      "default": "C:\\AIM"
    },
    {
      "name": "WebLogic environment settings",
      "description": "Specifies whether to use default or custom WebLogic environment settings. Select 'Automatic' to detect WebLogic environment automatically and choose the recommended settings. Select 'Custom' to edit advanced settings. You may need to select 'Custom' to be able to install the application in complex environments, for example when the domain has more than one managed server.",
      "script-arg": "--wlEnvironmentType",
      "type": "select",
      "options": ["Automatic", "Custom"],
      "default": "Automatic",
      "for-group": "wlEnvironmentType"
    },
    {
      "name": "WebLogic admin user",
      "description": "WebLogic administrator user name. Leave empty to detect this automatically from domain configuration. Autodetection requires the boot.properties file in Admin Server configuration.",
      "script-arg": "--wlAdminUser",
      "pattern": "^[\\w]*$",
      "group-name": "wlEnvironmentType",
      "group-trigger": "Custom"
    },
    {
      "name": "WebLogic admin password",
      "description": "WebLogic administrator password. Leave empty to detect this automatically from domain configuration. Autodetection requires the boot.properties file in Admin Server configuration.",
      "script-arg": "--wlAdminPassword",
      "type": "password",
      "pattern": "^.*$",
      "group-name": "wlEnvironmentType",
      "group-trigger": "Custom"
    },
    {
      "name": "WebLogic Node Manager user",
      "description": "WebLogic Node Manager user name. Leave empty to detect this automatically from domain configuration. Autodetection requires <node-manager-user> element in config.xml of Domain configuration.",
      "script-arg": "--wlNodeManagerUser",
      "pattern": "^[\\w]*$",
      "group-name": "wlEnvironmentType",
      "group-trigger": "Custom"
    },
    {
      "name": "WebLogic Node Manager password",
      "description": "WebLogic Node Manager password. Leave empty to detect this automatically from domain configuration. Autodetection requires <node-manager-password-encrypted> element in config.xml of Domain configuration.",
      "script-arg": "--wlNodeManagerPassword",
      "type": "password",
      "pattern": "^.*$",
      "group-name": "wlEnvironmentType",
      "group-trigger": "Custom"
    },
    {
      "name": "WebLogic product home",
      "description": "WebLogic product home directory. This is the directory where the WebLogic product was installed (for example 'C:\\oracle\\WLS12c'). Leave empty to detect the directory automatically. Product home must be specified if more than one product installation exist on the computer or if installing to a remote server.",
      "script-arg": "--wlProductHome",
      "pattern": "^[\\S]*$",
      "group-name": "wlEnvironmentType",
      "group-trigger": "Custom"
    },
    {
      "name": "WebLogic domain name",
      "description": "WebLogic domain name. Leave empty to detect the domain name automatically. Domain name must be specified if more than one WebLogic domain is configured in the server.",
      "script-arg": "--wlDomainName",
      "pattern": "^[\\S]*$",
      "group-name": "wlEnvironmentType",
      "group-trigger": "Custom"
    },
    {
      "name": "WebLogic server name",
      "description": "WebLogic managed server or cluster name to install the application to. Leave empty to detect this automatically from domain configuration. Server name must be specified if the domain has more than one managed server or cluster.",
      "script-arg": "--wlServerName",
      "pattern": "^[\\S]*$",
      "group-name": "wlEnvironmentType",
      "group-trigger": "Custom"
    },
    {
      "name": "WebLogic JMS server name",
      "description": "WebLogic JMS server name to install the application's JMS resources to. Leave empty to detect this automatically from domain configuration. JMS server name must be specified if the domain has more than one JMS server configured.",
      "script-arg": "--wlJmsServerName",
      "pattern": "^[\\S]*$",
      "group-name": "wlEnvironmentType",
      "group-trigger": "Custom"
    },
    {
      "name": "WebLogic Admin Server host",
      "description": "Host name or IP address of the server that runs the Administration Server of the WebLogic domain. Leave empty to detect this automatically from domain configuration.",
      "script-arg": "--wlAdminServerHost",
      "pattern": "^[\\S]*$",
      "group-name": "wlEnvironmentType",
      "group-trigger": "Custom"
    },
    {
      "name": "WebLogic Admin Server port",
      "description": "Port number of the Administration Server of the WebLogic domain. Leave empty to detect this automatically from domain configuration.",
      "script-arg": "--wlAdminServerPort",
      "pattern": "^\\d{0,5}$",
      "group-name": "wlEnvironmentType",
      "group-trigger": "Custom"
    },
    {
      "name": "WebLogic Node Manager host",
      "description": "Host name or IP address for connecting to the Node Manager service on the WebLogic Administration Server. Leave empty to detect this automatically from domain configuration.",
      "script-arg": "--wlNodeManagerHost",
      "pattern": "^[\\S]*$",
      "group-name": "wlEnvironmentType",
      "group-trigger": "Custom"
    },
    {
      "name": "WebLogic Node Manager port",
      "description": "Port number for connecting to the Node Manager service on the WebLogic Administration Server. Leave empty to detect this automatically from domain configuration.",
      "script-arg": "--wlNodeManagerPort",
      "pattern": "^\\d{0,5}$",
      "group-name": "wlEnvironmentType",
      "group-trigger": "Custom"
    },
    {
      "name": "UAM admin password",
      "description": "Password for User Access Management sysadmin user",
      "type": "password",
      "script-arg": "--uamAdminPassword"
    },
    {
      "name": "Use https",
      "description": "Select to use https addresses or use http",
      "type": "checkbox",
      "script-arg": "--wareUIUseHttps",
      "default": "false"
    }
  ]
}
