[{
    "id": 1,
    "status": 1,
    "contestName": "WellsFargo Codathon()",
    "description": "Welcome to wells fargo codathon challenge. We have created a challenge to encourage young mind to come and join hands with WellsFargo to create useful banking API. We are offering attrctive prizes and incentives for the winners. Please fell free to join and share idea with us.",
    "type": "CHALLENGE",
    "participation": "GROUP",
    "location": "Hyderabad",
    "activeFrom": "2014-10-10",
    "statusDesc": "Active"
}, {
    "id": 2,
    "status": 1,
    "contestName": "The Ultimate Challenge",
    "description": "Welcome to wells fargo codathon challenge. We have created a challenge to encourage young mind to come and join hands with WellsFargo to create useful banking API. We are offering attrctive prizes and incentives for the winners. Please fell free to join and share idea with us.",
    "type": "TEASER",
    "participation": "INDIVIDUAL",
    "location": "Banglore",
    "activeFrom": "2014-10-10",
    "statusDesc": "Active"
}, {
    "id": 4,
    "status": 1,
    "contestName": "WellsFargo Codathon Challenge",
    "description": "This is the description of the chalenge",
    "type": "TEASER",
    "participation": "GROUP",
    "location": "Hyderabad",
    "activeFrom": "2014-10-10",
    "statusDesc": "Active"
}, {
    "id": 5,
    "status": 1,
    "contestName": "WellsFargo Codathon Challenge 1",
    "description": "This is the description of the chalenge",
    "type": "TEASER",
    "participation": "GROUP",
    "location": "Hyderabad",
    "activeFrom": "2014-10-10",
    "statusDesc": "Active"
}, {
    "id": 6,
    "status": 1,
    "contestName": " Challenge 1",
    "description": "This is the description of the chalenge",
    "type": "TEASER",
    "participation": "GROUP",
    "location": "Hyderabad",
    "activeFrom": "2014-10-10",
    "statusDesc": "Active"
}, {
    "id": 7,
    "status": 1,
    "contestName": " Challenge 2",
    "description": "This is the description of the chalenge",
    "type": "TEASER",
    "participation": "GROUP",
    "location": "Hyderabad",
    "activeFrom": "2014-10-10",
    "statusDesc": "Active"
}, {
    "id": 8,
    "status": 1,
    "contestName": " Challenge 3",
    "description": "This is the description of the chalenge",
    "type": "TEASER",
    "participation": "GROUP",
    "location": "Hyderabad",
    "activeFrom": "2015-10-10",
    "statusDesc": "Active"
}, {
    "id": 9,
    "status": 1,
    "contestName": " Challenge 4",
    "description": "This is the description of the chalenge",
    "type": "TEASER",
    "participation": "GROUP",
    "location": "Hyderabad",
    "activeFrom": "2015-10-10",
    "statusDesc": "Active"
}, {
    "id": 10,
    "status": 1,
    "contestName": " Marathon",
    "description": "This is the description of the Challenge",
    "type": "TEASER",
    "participation": "INDIVIDUAL",
    "location": "Hyderabad",
    "activeFrom": "2015-10-10",
    "statusDesc": "Active"
}]
