{
    "id": 1,
    "status": null,
    "contestName": "WellsFargo Codathon Challenge",
    "description": "This is the description of the chalenge",
    "contestType": "TEASER",
    "location": 1,
    "teamType": "GROUP",
    "domain": [
        1,
        4,
        3,
        2
    ],
    "technology": [
        3,
        1,
        4,
        2
    ],
    "host": [
        1
    ],
    "registration": null,
    "application": null,
    "fromDate": null,
    "toDate": null,
    "contestCycle": [{
        "id": 1,
        "status": null,
        "contestId": 3,
        "name": "Registration",
        "description": "Please register befor kdsjhfkdjfhg",
        "fromDate": "2015-10-10",
        "toDate": "2015-12-12"
    }, {
        "id": 2,
        "status": null,
        "contestId": 3,
        "name": "Registration",
        "description": "Please register befor kdsjhfkdjfhg",
        "fromDate": "2015-10-10",
        "toDate": "2015-12-12"
    }]
}
