[
{
    "id": 1,
    "status": null,
    "questionId": 7,
    "question": "Select features of Java?",
    "questionType": "CHECKBOX",
    "maxScore": 10,
    "sequence": 1,
    "answers": [{
        "flag": 1,
        "sequence": 1,
        "answerText": "Polymorphism",
        "answerId": 13
    }, {
        "flag": 1,
        "sequence": 2,
        "answerText": "OOP",
        "answerId": 14
    }, {
        "flag": 1,
        "sequence": 3,
        "answerText": "Abstraction",
        "answerId": 15
    }, {
        "flag": 0,
        "sequence": 4,
        "answerText": "Multiple Inheritance",
        "answerId": 16
    }]
}, {
    "id": 5,
    "status": null,
    "questionId": 8,
    "question": "Why C++?",
    "questionType": "TEXT",
    "maxScore": 61,
    "sequence": 1,
    "answers": []
}, {
    "id": 6,
    "status": null,
    "questionId": 9,
    "question": "Why Java?",
    "questionType": "TEXT",
    "maxScore": 3,
    "sequence": 1,
    "answers": []
}, {
    "id": 7,
    "status": null,
    "questionId": 10,
    "question": "What is SCALA?",
    "questionType": "TEXT",
    "maxScore": 6,
    "sequence": 1,
    "answers": []
}]
