[
  {
    "_id": "56e2babc741543ecbd9d341b",
    "templateName": "Test",
    "rows": [
      {
        "x": 80,
        "y": 1810,
        "h": 1200,
        "w": 1180
      },
      {
        "x": 1200,
        "y": 1770,
        "h": 350,
        "w": 1210
      },
      {
        "x": 1650,
        "y": 1770,
        "h": 120,
        "w": 1210
      },
      {
        "x": 1850,
        "y": 1770,
        "h": 350,
        "w": 1210
      },
      {
        "x": 2230,
        "y": 1770,
        "h": 120,
        "w": 1210
      }
    ],
    "headers": [
      "Expenses",
      "Current",
      "Percent",
      "Year To Date",
      "Percent"
    ]
  },
  {
    "_id": "56e2c5c8de0492692c2130b0",
    "templateName": "Test",
    "rows": [
      {
        "x": 80,
        "y": 1810,
        "h": 1200,
        "w": 1180
      },
      {
        "x": 1200,
        "y": 1770,
        "h": 350,
        "w": 1210
      },
      {
        "x": 1650,
        "y": 1770,
        "h": 120,
        "w": 1210
      },
      {
        "x": 1850,
        "y": 1770,
        "h": 350,
        "w": 1210
      },
      {
        "x": 2230,
        "y": 1770,
        "h": 120,
        "w": 1210
      }
    ],
    "headers": [
      "Expenses",
      "Current",
      "Percent",
      "Year To Date",
      "Percent"
    ]
  },
  {
    "_id": "56e2ca960e31d031d3d83ff1",
    "templateName": "Test2",
    "rows": [
      {
        "x": 80,
        "y": 1810,
        "h": 1200,
        "w": 1180
      },
      {
        "x": 1200,
        "y": 1770,
        "h": 350,
        "w": 1210
      },
      {
        "x": 1650,
        "y": 1770,
        "h": 120,
        "w": 1210
      },
      {
        "x": 1850,
        "y": 1770,
        "h": 350,
        "w": 1210
      },
      {
        "x": 2230,
        "y": 1770,
        "h": 120,
        "w": 1210
      }
    ],
    "headers": [
      "Expenses",
      "Current",
      "Percent",
      "Year To Date",
      "Percent"
    ]
  },
  {
    "_id": "56eab2310c84d0315ed0ef52",
    "templateName": "Waterstone",
    "rows": [
      {
        "x": 100,
        "y": 380,
        "h": 700,
        "w": 2850
      },
      {
        "x": 1000,
        "y": 380,
        "h": 700,
        "w": 2850
      },
      {
        "x": 1350,
        "y": 1770,
        "h": 700,
        "w": 2850
      }
    ],
    "headers": [
      "Income-Expenses",
      "Monthly Ending",
      "Year to Date"
    ]
  },
  {
    "_id": "56eab3180c84d0315fd0ef52",
    "templateName": "t1",
    "rows": [
      {
        "x": 100,
        "y": 380,
        "h": 2850,
        "w": 700
      },
      {
        "x": 1000,
        "y": 380,
        "h": 2870,
        "w": 700
      },
      {
        "x": 1350,
        "y": 1770,
        "h": 2870,
        "w": 700
      }
    ],
    "headers": [
      "Income-Expenses",
      "Monthly Ending",
      "Year to Date"
    ]
  }
]