[
  {
    "_id": "57396534d528971d414e1ba1",
    "templateName": "GenerateText",
    "rows": [
      {
        "x": 80,
        "y": 1810,
        "h": 1200,
        "w": 1180
      }
    ]
  },
  {
    "_id": "57396554d528971d424e1ba1",
    "templateName": "SampleTemplate",
    "rows": [
      {
        "x": 80,
        "y": 1810,
        "h": 1200,
        "w": 1180
      },
      {
        "x": 1200,
        "y": 1770,
        "h": 350,
        "w": 1210
      },
      {
        "x": 1650,
        "y": 1770,
        "h": 120,
        "w": 1210
      },
      {
        "x": 1850,
        "y": 1770,
        "h": 350,
        "w": 1210
      },
      {
        "x": 2230,
        "y": 1770,
        "h": 120,
        "w": 1210
      }
    ],
    "headers": [
      "Expenses",
      "Current",
      "Percent",
      "Year To Date",
      "Percent"
    ]
  }
]