[
  {
    "id": 1,
    "status": 1,
    "name": "WellsF",
    "description": "sfd",
    "parentHost": "WellsF",
    "activeSince": null,
    "statusDesc": "Active"
  },
  {
    "id": 3,
    "status": 1,
    "name": "External",
    "description": "External",
    "parentHost": "sdgfd",
    "activeSince": null,
    "statusDesc": "Active"
  },
  {
    "id": 6,
    "status": 1,
    "name": "TestHost",
    "description": "khhjk",
    "parentHost": "External",
    "activeSince": null,
    "statusDesc": "Active"
  },
  {
    "id": 8,
    "status": 1,
    "name": "gdffjtyrfy",
    "description": "fdghgf",
    "parentHost": "WellsF",
    "activeSince": null,
    "statusDesc": "Active"
  },
  {
    "id": 10,
    "status": 1,
    "name": "fgdhgf",
    "description": "ddesfgh",
    "parentHost": "WellsF",
    "activeSince": null,
    "statusDesc": "Active"
  },
  {
    "id": 11,
    "status": 1,
    "name": "jgfhj",
    "description": "kfhgkjgj",
    "parentHost": "TestHost",
    "activeSince": null,
    "statusDesc": "Active"
  }
]