{
  "name": "Test Profile",
  "description": "Test Profile for Message Queue",
  "dataConnectionName": "WorkingConnection",
  "dataConnectionType": "snowflake",
  "runByUser": null,
  "lastRun": 1629105647496,
  "duration": "3 minutes 26 seconds",
  "rowsProcessed": 50000000,
  "tables": [
    {
      "name": "CUSTOMER_ADDRESS",
      "totalRows": 50000000,
      "columns": [
        {
          "name": "CA_SUITE_NUMBER",
          "type": "STRING",
          "statistics": [
            { "type": "CompletenessStatistics", "completeCount": 48499750, "nullCount": 1500250, "blankCount": 0 },
            {
              "type": "TextPatternStatistics",
              "patterns": {
                "\"Aaaaa 9\"": { "\"[A-Z][a-z]{4}\\\\s[0-9]\"": 485702 },
                "\"Aaaaa A\"": { "\"[A-Z][a-z]{4}\\\\s[A-Z]\"": 24253039 },
                "\"Aaaaa 99\"": { "\"[A-Z][a-z]{4}\\\\s[0-9]{2}\"": 4365827 },
                "\"Aaaaa 999\"": { "\"[A-Z][a-z]{4}\\\\s[0-9]{3}\"": 19395182 }
              }
            }
          ]
        },
        {
          "name": "CA_COUNTY",
          "type": "STRING",
          "statistics": [
            { "type": "CompletenessStatistics", "completeCount": 48502186, "nullCount": 1497814, "blankCount": 0 },
            {
              "type": "TextPatternStatistics",
              "patterns": {
                "\"Aaaaaaaaa-Aaaaaaa Aaaaaaa\"": { "\"[A-Z][a-z]{8}[-][A-Z][a-z]{6}\\\\s[A-Z][a-z]{6}\"": 15608 },
                "\"Aaaaa Aaaaaa Aaaaaa\"": { "\"[A-Z][a-z]{4}\\\\s[A-Z][a-z]{5}\\\\s[A-Z][a-z]{5}\"": 15700 },
                "\"Aaaaaaa Aaa Aaaaaaa\"": { "\"[A-Z][a-z]{6}\\\\s[A-Z][a-z]{2}\\\\s[A-Z][a-z]{6}\"": 15635 },
                "\"Aaaaaaaaa Aaaa Aaaaaaa\"": { "\"[A-Z][a-z]{8}\\\\s[A-Z][a-z]{3}\\\\s[A-Z][a-z]{6}\"": 15553 },
                "\"Aaaaaaaa aaaa\"": { "\"[A-Z][a-z]{7}\\\\s[a-z]{4}\"": 109241 },
                "\"Aaaa Aaaaaaa Aaaaaa Aaaa\"": {
                  "\"[A-Z][a-z]{3}\\\\s[A-Z][a-z]{6}\\\\s[A-Z][a-z]{5}\\\\s[A-Z][a-z]{3}\"": 15453
                },
                "\"Aa Aaaaaa Aaaaaa\"": { "\"[A-Z][a-z]\\\\s[A-Z][a-z]{5}\\\\s[A-Z][a-z]{5}\"": 31162 },
                "\"AaAaaa Aaaaaa\"": { "\"[A-Z][a-z][A-Z][a-z]{3}\\\\s[A-Z][a-z]{5}\"": 280651 },
                "\"Aaaa Aaaaaa Aaaaaa\"": { "\"[A-Z][a-z]{3}\\\\s[A-Z][a-z]{5}\\\\s[A-Z][a-z]{5}\"": 31214 },
                "\"Aaa Aaaaaa Aaaaaa\"": { "\"[A-Z][a-z]{2}\\\\s[A-Z][a-z]{5}\\\\s[A-Z][a-z]{5}\"": 249120 },
                "\"Aaaaaaaa Aaaaaa\"": { "\"[A-Z][a-z]{7}\\\\s[A-Z][a-z]{5}\"": 6931114 },
                "\"Aaaaaa Aaaaaaa\"": { "\"[A-Z][a-z]{5}\\\\s[A-Z][a-z]{6}\"": 46598 },
                "\"Aaaaa aaa Aaaaa Aaaaaa\"": {
                  "\"[A-Z][a-z]{4}\\\\s[a-z]{3}\\\\s[A-Z][a-z]{4}\\\\s[A-Z][a-z]{5}\"": 15678
                },
                "\"Aaaa Aaaaaaaaa Aaaaaa\"": { "\"[A-Z][a-z]{3}\\\\s[A-Z][a-z]{8}\\\\s[A-Z][a-z]{5}\"": 47261 },
                "\"Aaaaaa Aaaa\"": { "\"[A-Z][a-z]{5}\\\\s[A-Z][a-z]{3}\"": 15829 },
                "\"Aaaaaaaaaa Aaaaaa Aaaa\"": { "\"[A-Z][a-z]{9}\\\\s[A-Z][a-z]{5}\\\\s[A-Z][a-z]{3}\"": 15418 },
                "\"Aaaaaaaaaaaa Aaaaaa\"": { "\"[A-Z][a-z]{11}\\\\s[A-Z][a-z]{5}\"": 311061 },
                "\"Aaaa Aaaaaa\"": { "\"[A-Z][a-z]{3}\\\\s[A-Z][a-z]{5}\"": 3946464 },
                "\"Aaaaaaaaa Aaaaaa\"": { "\"[A-Z][a-z]{8}\\\\s[A-Z][a-z]{5}\"": 3649348 },
                "\"Aaaaaaaaaa Aaaaaa\"": { "\"[A-Z][a-z]{9}\\\\s[A-Z][a-z]{5}\"": 2358077 },
                "\"Aaaaaaaaaaa Aaaaaa\"": { "\"[A-Z][a-z]{10}\\\\s[A-Z][a-z]{5}\"": 437513 },
                "\"Aaa aaa Aaaaa Aaaaaa\"": {
                  "\"[A-Z][a-z]{2}\\\\s[a-z]{3}\\\\s[A-Z][a-z]{4}\\\\s[A-Z][a-z]{5}\"": 15633
                },
                "\"Aaaaaaaaaaaaaaa aaaa\"": { "\"[A-Z][a-z]{14}\\\\s[a-z]{4}\"": 15524 },
                "\"Aaaa Aaa Aaaaaa\"": { "\"[A-Z][a-z]{3}\\\\s[A-Z][a-z]{2}\\\\s[A-Z][a-z]{5}\"": 47077 },
                "\"Aaaaaaaaa Aaaaa Aaaa Aaaaaaa\"": {
                  "\"[A-Z][a-z]{8}\\\\s[A-Z][a-z]{4}\\\\s[A-Z][a-z]{3}\\\\s[A-Z][a-z]{6}\"": 15655
                },
                "\"Aaaaa Aaaaaaaa Aaaaaa\"": { "\"[A-Z][a-z]{4}\\\\s[A-Z][a-z]{7}\\\\s[A-Z][a-z]{5}\"": 15327 },
                "\"Aaaa aa Aaaaa Aaaaaa\"": {
                  "\"[A-Z][a-z]{3}\\\\s[a-z]{2}\\\\s[A-Z][a-z]{4}\\\\s[A-Z][a-z]{5}\"": 15663
                },
                "\"A-Aaaaa Aaaaaa\"": { "\"[A-Z][-][A-Z][a-z]{4}\\\\s[A-Z][a-z]{5}\"": 15657 },
                "\"Aaaaaaa aaaa\"": { "\"[A-Z][a-z]{6}\\\\s[a-z]{4}\"": 140164 },
                "\"Aa Aaaaaaa Aaaaaa\"": { "\"[A-Z][a-z]\\\\s[A-Z][a-z]{6}\\\\s[A-Z][a-z]{5}\"": 15775 },
                "\"AaAaaaa Aaaaaa\"": { "\"[A-Z][a-z][A-Z][a-z]{4}\\\\s[A-Z][a-z]{5}\"": 77459 },
                "\"Aa Aaa Aaaaaa\"": { "\"[A-Z][a-z]\\\\s[A-Z][a-z]{2}\\\\s[A-Z][a-z]{5}\"": 15384 },
                "\"Aaaaaaa Aaaaaa\"": { "\"[A-Z][a-z]{6}\\\\s[A-Z][a-z]{5}\"": 8866898 },
                "\"Aaaaa Aaaaaaa\"": { "\"[A-Z][a-z]{4}\\\\s[A-Z][a-z]{6}\"": 15424 },
                "\"Aaa Aaaaa Aaaaaa\"": { "\"[A-Z][a-z]{2}\\\\s[A-Z][a-z]{4}\\\\s[A-Z][a-z]{5}\"": 297250 },
                "\"Aaaaaaa Aaaa aaaa\"": { "\"[A-Z][a-z]{6}\\\\s[A-Z][a-z]{3}\\\\s[a-z]{4}\"": 15646 },
                "\"Aaaaa Aaaaaaaaa Aaaaaaa\"": { "\"[A-Z][a-z]{4}\\\\s[A-Z][a-z]{8}\\\\s[A-Z][a-z]{6}\"": 15810 },
                "\"Aaaa Aaaaa Aaaaa Aaaaaa\"": {
                  "\"[A-Z][a-z]{3}\\\\s[A-Z][a-z]{4}\\\\s[A-Z][a-z]{4}\\\\s[A-Z][a-z]{5}\"": 31169
                },
                "\"Aaaa Aaaaa Aaaaaa\"": { "\"[A-Z][a-z]{3}\\\\s[A-Z][a-z]{4}\\\\s[A-Z][a-z]{5}\"": 156390 },
                "\"Aaaaaaa Aaa Aaaaaa\"": { "\"[A-Z][a-z]{6}\\\\s[A-Z][a-z]{2}\\\\s[A-Z][a-z]{5}\"": 15789 },
                "\"Aaaaa Aaaaaa aaaa\"": { "\"[A-Z][a-z]{4}\\\\s[A-Z][a-z]{5}\\\\s[a-z]{4}\"": 15691 },
                "\"Aaaa aaa Aaaaaaaaa Aaaaaaa\"": {
                  "\"[A-Z][a-z]{3}\\\\s[a-z]{3}\\\\s[A-Z][a-z]{8}\\\\s[A-Z][a-z]{6}\"": 15672
                },
                "\"Aaaaaaaa aa Aaaaaaaa\"": { "\"[A-Z][a-z]{7}\\\\s[a-z]{2}\\\\s[A-Z][a-z]{7}\"": 15855 },
                "\"Aaaaaaaaa Aaaaaaa Aaaaaaa\"": { "\"[A-Z][a-z]{8}\\\\s[A-Z][a-z]{6}\\\\s[A-Z][a-z]{6}\"": 15900 },
                "\"Aaaaaaaaaaaaa Aaaaaa\"": { "\"[A-Z][a-z]{12}\\\\s[A-Z][a-z]{5}\"": 46547 },
                "\"Aaaaaaaaa Aaaaa Aaaaaa\"": { "\"[A-Z][a-z]{8}\\\\s[A-Z][a-z]{4}\\\\s[A-Z][a-z]{5}\"": 31343 },
                "\"Aaaaa Aaaaaa\"": { "\"[A-Z][a-z]{4}\\\\s[A-Z][a-z]{5}\"": 7131134 },
                "\"Aaaaaa-Aaaaaaa Aaaaaa Aaaa\"": {
                  "\"[A-Z][a-z]{5}[-][A-Z][a-z]{6}\\\\s[A-Z][a-z]{5}\\\\s[A-Z][a-z]{3}\"": 15547
                },
                "\"Aaaaa aaaa\"": { "\"[A-Z][a-z]{4}\\\\s[a-z]{4}\"": 31500 },
                "\"Aaa Aaaaaaaaaa Aaaaaa\"": { "\"[A-Z][a-z]{2}\\\\s[A-Z][a-z]{9}\\\\s[A-Z][a-z]{5}\"": 15600 },
                "\"Aaaa Aaaa Aaaaaa\"": { "\"[A-Z][a-z]{3}\\\\s[A-Z][a-z]{3}\\\\s[A-Z][a-z]{5}\"": 93994 },
                "\"Aaaaaaaaaaaa aaaa\"": { "\"[A-Z][a-z]{11}\\\\s[a-z]{4}\"": 46830 },
                "\"Aaaa Aaaaaa Aaaa\"": { "\"[A-Z][a-z]{3}\\\\s[A-Z][a-z]{5}\\\\s[A-Z][a-z]{3}\"": 15425 },
                "\"Aaaaaa Aaaaaa Aaaa\"": { "\"[A-Z][a-z]{5}\\\\s[A-Z][a-z]{5}\\\\s[A-Z][a-z]{3}\"": 15627 },
                "\"Aaaaa Aaaa Aaaaaa\"": { "\"[A-Z][a-z]{4}\\\\s[A-Z][a-z]{3}\\\\s[A-Z][a-z]{5}\"": 172334 },
                "\"AaAaaaaaa Aaaaaa\"": { "\"[A-Z][a-z][A-Z][a-z]{6}\\\\s[A-Z][a-z]{5}\"": 124553 },
                "\"Aa Aaaa Aaaaaa\"": { "\"[A-Z][a-z]\\\\s[A-Z][a-z]{3}\\\\s[A-Z][a-z]{5}\"": 78480 },
                "\"Aaaaaaaaa aaaa\"": { "\"[A-Z][a-z]{8}\\\\s[a-z]{4}\"": 62455 },
                "\"Aaaaa Aaaaa aaaa\"": { "\"[A-Z][a-z]{4}\\\\s[A-Z][a-z]{4}\\\\s[a-z]{4}\"": 15669 },
                "\"Aaaaaaaa Aaaaa aaaa\"": { "\"[A-Z][a-z]{7}\\\\s[A-Z][a-z]{4}\\\\s[a-z]{4}\"": 15318 },
                "\"Aaaaa Aaaaa Aaaaaaa\"": { "\"[A-Z][a-z]{4}\\\\s[A-Z][a-z]{4}\\\\s[A-Z][a-z]{6}\"": 15849 },
                "\"Aaaa aa aaa Aaaaa Aaaaaa\"": {
                  "\"[A-Z][a-z]{3}\\\\s[a-z]{2}\\\\s[a-z]{3}\\\\s[A-Z][a-z]{4}\\\\s[A-Z][a-z]{5}\"": 15664
                },
                "\"Aaaaaaa Aaaaa aaaa\"": { "\"[A-Z][a-z]{6}\\\\s[A-Z][a-z]{4}\\\\s[a-z]{4}\"": 15530 },
                "\"Aaa Aaaaaaaa Aaaaaa\"": { "\"[A-Z][a-z]{2}\\\\s[A-Z][a-z]{7}\\\\s[A-Z][a-z]{5}\"": 15703 },
                "\"Aaa Aaaaaa\"": { "\"[A-Z][a-z]{2}\\\\s[A-Z][a-z]{5}\"": 421406 },
                "\"Aaaaa-Aaaaaaa Aaaaaa Aaaa\"": {
                  "\"[A-Z][a-z]{4}[-][A-Z][a-z]{6}\\\\s[A-Z][a-z]{5}\\\\s[A-Z][a-z]{3}\"": 15545
                },
                "\"Aaaaaaaaa Aaaaaa Aaaaaaa\"": { "\"[A-Z][a-z]{8}\\\\s[A-Z][a-z]{5}\\\\s[A-Z][a-z]{6}\"": 15523 },
                "\"Aaaaaaa Aaaaaaa\"": { "\"[A-Z][a-z]{6}\\\\s[A-Z][a-z]{6}\"": 15680 },
                "\"Aaaaaaaa Aaaaaaa aaaa\"": { "\"[A-Z][a-z]{7}\\\\s[A-Z][a-z]{6}\\\\s[a-z]{4}\"": 15939 },
                "\"Aaaaaa Aaaaa Aaaaaa\"": { "\"[A-Z][a-z]{5}\\\\s[A-Z][a-z]{4}\\\\s[A-Z][a-z]{5}\"": 93930 },
                "\"Aaaa Aaaaaaa Aaaaaa\"": { "\"[A-Z][a-z]{3}\\\\s[A-Z][a-z]{6}\\\\s[A-Z][a-z]{5}\"": 78062 },
                "\"Aaaaaa Aaaaaa\"": { "\"[A-Z][a-z]{5}\\\\s[A-Z][a-z]{5}\"": 10231675 },
                "\"Aa Aaaaa Aaaaaa\"": { "\"[A-Z][a-z]\\\\s[A-Z][a-z]{4}\\\\s[A-Z][a-z]{5}\"": 109531 },
                "\"Aaaaaaaaaaaaaa Aaaaaa\"": { "\"[A-Z][a-z]{13}\\\\s[A-Z][a-z]{5}\"": 31058 },
                "\"Aaaaaaaaa Aaaa Aaaaaa Aaaa\"": {
                  "\"[A-Z][a-z]{8}\\\\s[A-Z][a-z]{3}\\\\s[A-Z][a-z]{5}\\\\s[A-Z][a-z]{3}\"": 15577
                },
                "\"Aaaaaaaa Aaaa aaaa\"": { "\"[A-Z][a-z]{7}\\\\s[A-Z][a-z]{3}\\\\s[a-z]{4}\"": 15584 },
                "\"Aaaaaa Aaaaaa Aaaaaa\"": { "\"[A-Z][a-z]{5}\\\\s[A-Z][a-z]{5}\\\\s[A-Z][a-z]{5}\"": 92844 },
                "\"Aaa Aaaaaaa Aaaaaa\"": { "\"[A-Z][a-z]{2}\\\\s[A-Z][a-z]{6}\\\\s[A-Z][a-z]{5}\"": 77847 },
                "\"Aaaaaa Aaaaaaa Aaaaaa\"": { "\"[A-Z][a-z]{5}\\\\s[A-Z][a-z]{6}\\\\s[A-Z][a-z]{5}\"": 15533 },
                "\"Aaaaaa Aaa Aaaaaa\"": { "\"[A-Z][a-z]{5}\\\\s[A-Z][a-z]{2}\\\\s[A-Z][a-z]{5}\"": 15821 },
                "\"Aaaaa Aa Aaaaaa\"": { "\"[A-Z][a-z]{4}\\\\s[A-Z][a-z]\\\\s[A-Z][a-z]{5}\"": 15623 },
                "\"Aaaaaa Aaaaaaaa Aaaaaa\"": { "\"[A-Z][a-z]{5}\\\\s[A-Z][a-z]{7}\\\\s[A-Z][a-z]{5}\"": 15600 },
                "\"Aaaaa Aaaaa Aaaaaa\"": { "\"[A-Z][a-z]{4}\\\\s[A-Z][a-z]{4}\\\\s[A-Z][a-z]{5}\"": 140600 },
                "\"Aaaaaaaaa Aaaaaaa\"": { "\"[A-Z][a-z]{8}\\\\s[A-Z][a-z]{6}\"": 15676 },
                "\"Aaa Aaaaaaaaa Aaaaaa\"": { "\"[A-Z][a-z]{2}\\\\s[A-Z][a-z]{8}\\\\s[A-Z][a-z]{5}\"": 31121 },
                "\"Aaaa aa Aaa Aaaaaa\"": {
                  "\"[A-Z][a-z]{3}\\\\s[a-z]{2}\\\\s[A-Z][a-z]{2}\\\\s[A-Z][a-z]{5}\"": 15616
                },
                "\"Aaaaaa Aaaaaa Aaaaaaa\"": { "\"[A-Z][a-z]{5}\\\\s[A-Z][a-z]{5}\\\\s[A-Z][a-z]{6}\"": 15809 },
                "\"Aaa Aaaa Aaaaaa\"": { "\"[A-Z][a-z]{2}\\\\s[A-Z][a-z]{3}\\\\s[A-Z][a-z]{5}\"": 203882 },
                "\"Aaa Aaaa Aaaaaa Aaaaaa\"": {
                  "\"[A-Z][a-z]{2}\\\\s[A-Z][a-z]{3}\\\\s[A-Z][a-z]{5}\\\\s[A-Z][a-z]{5}\"": 15703
                },
                "\"AaAaaaaa Aaaaaa\"": { "\"[A-Z][a-z][A-Z][a-z]{5}\\\\s[A-Z][a-z]{5}\"": 187956 },
                "\"Aaaaaaa Aaaa Aaaaaa\"": { "\"[A-Z][a-z]{6}\\\\s[A-Z][a-z]{3}\\\\s[A-Z][a-z]{5}\"": 31285 },
                "\"Aaaaaaaaaa aaaa\"": { "\"[A-Z][a-z]{9}\\\\s[a-z]{4}\"": 93640 },
                "\"Aaaa aaa Aaaaa Aaaaaa\"": {
                  "\"[A-Z][a-z]{3}\\\\s[a-z]{3}\\\\s[A-Z][a-z]{4}\\\\s[A-Z][a-z]{5}\"": 15716
                },
                "\"Aaaaaaaaaaaaaa aaaa\"": { "\"[A-Z][a-z]{13}\\\\s[a-z]{4}\"": 15603 },
                "\"Aaaaaa aaaa\"": { "\"[A-Z][a-z]{5}\\\\s[a-z]{4}\"": 15739 },
                "\"Aaaaa Aaaaaaa Aaaaaa\"": { "\"[A-Z][a-z]{4}\\\\s[A-Z][a-z]{6}\\\\s[A-Z][a-z]{5}\"": 15450 }
              }
            }
          ]
        }
      ],
      "statistics": [{ "type": "CompletenessStatistics", "completeCount": 47750703, "nullCount": 0, "blankCount": 0 }],
      "status": "SUCCESS",
      "errorMessage": null
    }
  ],
  "status": "SUCCESS",
  "errorMessages": []
}
