[
  { "name": "bdubbin0", "type": "string" },
  { "name": "bbemand1", "type": "string" },
  { "name": "tlesaunier2", "type": "long" },
  { "name": "mdaffern3", "type": "double" },
  { "name": "mbozier4", "type": "boolean" },
  { "name": "esibson5", "type": "double" },
  { "name": "llaws6", "type": "double" },
  { "name": "gmckevin7", "type": "long" },
  { "name": "rprazer8", "type": "long" },
  { "name": "acornu9", "type": "string" },
  { "name": "rthomsa", "type": "string" },
  { "name": "mblanketb", "type": "boolean" },
  { "name": "mdybellc", "type": "integer" },
  { "name": "dkillshawd", "type": "boolean" },
  { "name": "jshuttlee", "type": "integer" },
  { "name": "mgorlingf", "type": "long" },
  { "name": "icoslettg", "type": "boolean" },
  { "name": "lkelsowh", "type": "double" },
  { "name": "mklessei", "type": "long" },
  { "name": "gmarwoodj", "type": "boolean" },
  { "name": "dchurlyk", "type": "double" },
  { "name": "dleballl", "type": "long" },
  { "name": "jdackombem", "type": "integer" },
  { "name": "edeacockn", "type": "integer" },
  { "name": "tgilhoolyo", "type": "double" },
  { "name": "cscolap", "type": "integer" },
  { "name": "nlaflinq", "type": "long" },
  { "name": "agoodeyr", "type": "double" },
  { "name": "zjoaos", "type": "string" },
  { "name": "dvickorst", "type": "boolean" },
  { "name": "vfriattu", "type": "integer" },
  { "name": "jroadv", "type": "string" },
  { "name": "mtalloew", "type": "integer" },
  { "name": "rpautex", "type": "double" },
  { "name": "cwoodlandy", "type": "integer" },
  { "name": "rbibeyz", "type": "string" },
  { "name": "mcastillou10", "type": "string" },
  { "name": "bjohnigan11", "type": "boolean" },
  { "name": "vgage12", "type": "boolean" },
  { "name": "fhuckerbe13", "type": "long" },
  { "name": "mrowcliffe14", "type": "long" },
  { "name": "kyegorkov15", "type": "double" },
  { "name": "rposselow16", "type": "double" },
  { "name": "gpanniers17", "type": "double" },
  { "name": "sethersey18", "type": "string" },
  { "name": "edwine19", "type": "double" },
  { "name": "nwalls1a", "type": "long" },
  { "name": "ckeats1b", "type": "boolean" },
  { "name": "dgathercole1c", "type": "string" },
  { "name": "rgalero1d", "type": "integer" },
  { "name": "akennsley1e", "type": "boolean" },
  { "name": "msygrove1f", "type": "string" },
  { "name": "kpacey1g", "type": "long" },
  { "name": "aaylesbury1h", "type": "integer" },
  { "name": "cburstow1i", "type": "double" },
  { "name": "wmobbs1j", "type": "boolean" },
  { "name": "ppetricek1k", "type": "string" },
  { "name": "mplaxton1l", "type": "boolean" },
  { "name": "kgenn1m", "type": "long" },
  { "name": "kcluelow1n", "type": "boolean" },
  { "name": "sjaskowicz1o", "type": "integer" },
  { "name": "efarre1p", "type": "string" },
  { "name": "mfranks1q", "type": "integer" },
  { "name": "hbarrand1r", "type": "long" },
  { "name": "skidwell1s", "type": "integer" },
  { "name": "coxton1t", "type": "double" },
  { "name": "ftrengrouse1u", "type": "integer" },
  { "name": "apolkinhorn1v", "type": "double" },
  { "name": "lmorgon1w", "type": "double" },
  { "name": "mspritt1x", "type": "long" },
  { "name": "vlachaize1y", "type": "integer" },
  { "name": "swinstanley1z", "type": "boolean" },
  { "name": "agosford20", "type": "boolean" },
  { "name": "kmcvitie21", "type": "string" },
  { "name": "ayegorovnin22", "type": "double" },
  { "name": "cblacktin23", "type": "boolean" },
  { "name": "nmesser24", "type": "double" },
  { "name": "glillecrop25", "type": "double" },
  { "name": "mcawse26", "type": "long" },
  { "name": "kchifney27", "type": "string" },
  { "name": "hduncklee28", "type": "double" },
  { "name": "jstraneo29", "type": "double" },
  { "name": "bgravestone2a", "type": "double" },
  { "name": "cborit2b", "type": "long" },
  { "name": "riorns2c", "type": "string" },
  { "name": "jpemble2d", "type": "double" },
  { "name": "echene2e", "type": "double" },
  { "name": "rwoodwin2f", "type": "long" },
  { "name": "amcclary2g", "type": "long" },
  { "name": "mmacanellye2h", "type": "double" },
  { "name": "tperrottet2i", "type": "double" },
  { "name": "spreedy2j", "type": "string" },
  { "name": "lfortoun2k", "type": "string" },
  { "name": "mearlam2l", "type": "long" },
  { "name": "arippin2m", "type": "double" },
  { "name": "ebonifacio2n", "type": "integer" },
  { "name": "eblowne2o", "type": "integer" },
  { "name": "lphizacklea2p", "type": "boolean" },
  { "name": "jcollacombe2q", "type": "string" },
  { "name": "mwatsam2r", "type": "integer" }
]
