[
  {
    "displayName": "Freshness",
    "description": "Generates alerts for unexpected changes in the rate at which your data is typically updates"
  },
  {
    "displayName": "Volume",
    "description": "Generates alerts for unexpected changes in the number of rows of data"
  },
  {
    "displayName": "Schema Drift",
    "description": "Generates alerts for unexpected schema and table changes"
  },
  {
    "displayName": "Data Drift",
    "description": "Generates alerts for data which falls outside of expected range"
  },
  {
    "displayName": "Quality",
    "description": "Generates alerts for drops in data quality measures"
  }
]
