[
  { "name": "dpellett0", "type": "view" },
  { "name": "bnortunen1", "type": "view" },
  { "name": "asparshatt2", "type": "table" },
  { "name": "vvreiberg3", "type": "view" },
  { "name": "rfoster4", "type": "view" },
  { "name": "okleynermans5", "type": "view" },
  { "name": "ffairbrass6", "type": "table" },
  { "name": "dearwaker7", "type": "view" },
  { "name": "lklagges8", "type": "view" },
  { "name": "tslark9", "type": "view" },
  { "name": "lcleavesa", "type": "view" },
  { "name": "gmacliseb", "type": "table" },
  { "name": "bfarnesc", "type": "view" },
  { "name": "lsultanad", "type": "view" },
  { "name": "shazeldenee", "type": "view" },
  { "name": "hcorsorf", "type": "view" },
  { "name": "skobeltg", "type": "table" },
  { "name": "eblanchh", "type": "table" },
  { "name": "lkingswelli", "type": "table" },
  { "name": "rcantoj", "type": "view" },
  { "name": "gitschakovk", "type": "table" },
  { "name": "sjerrandl", "type": "table" },
  { "name": "eberfordm", "type": "table" },
  { "name": "gkeegann", "type": "table" },
  { "name": "bprofito", "type": "view" },
  { "name": "schrishopp", "type": "view" },
  { "name": "hadnetq", "type": "view" },
  { "name": "acumminsr", "type": "table" },
  { "name": "bcolberts", "type": "table" },
  { "name": "bmellt", "type": "table" },
  { "name": "gchetwindu", "type": "table" },
  { "name": "agaytonv", "type": "view" },
  { "name": "amatovicw", "type": "table" },
  { "name": "rgilhooleyx", "type": "table" },
  { "name": "cculkiny", "type": "view" },
  { "name": "bspringz", "type": "table" },
  { "name": "sesplin10", "type": "table" },
  { "name": "hmcateer11", "type": "view" },
  { "name": "cpretswell12", "type": "view" },
  { "name": "sjennions13", "type": "view" },
  { "name": "rcammis14", "type": "view" },
  { "name": "areadwin15", "type": "table" },
  { "name": "vpotes16", "type": "view" },
  { "name": "abirley17", "type": "table" },
  { "name": "ljuszczak18", "type": "table" },
  { "name": "kdenton19", "type": "view" },
  { "name": "tbonnesen1a", "type": "table" },
  { "name": "bmacvain1b", "type": "view" },
  { "name": "zeaves1c", "type": "view" },
  { "name": "tfrise1d", "type": "view" },
  { "name": "loakenford1e", "type": "view" },
  { "name": "ggockelen1f", "type": "view" },
  { "name": "ihastewell1g", "type": "table" },
  { "name": "cwaggitt1h", "type": "table" },
  { "name": "fbelly1i", "type": "view" },
  { "name": "kseiter1j", "type": "view" },
  { "name": "abreen1k", "type": "table" },
  { "name": "kgoymer1l", "type": "view" },
  { "name": "ahanington1m", "type": "view" },
  { "name": "ngilpin1n", "type": "view" },
  { "name": "lbeckmann1o", "type": "view" },
  { "name": "ceasom1p", "type": "table" },
  { "name": "mvickar1q", "type": "view" },
  { "name": "agenn1r", "type": "view" },
  { "name": "msuddell1s", "type": "table" },
  { "name": "gbineham1t", "type": "view" },
  { "name": "gdelle1u", "type": "table" },
  { "name": "kdodgshon1v", "type": "view" },
  { "name": "jalyoshin1w", "type": "table" },
  { "name": "ntaffarello1x", "type": "view" },
  { "name": "khalliburton1y", "type": "table" },
  { "name": "sadlem1z", "type": "table" },
  { "name": "ctattoo20", "type": "table" },
  { "name": "vhouldcroft21", "type": "view" },
  { "name": "mfelstead22", "type": "table" },
  { "name": "soteague23", "type": "view" },
  { "name": "marnao24", "type": "view" },
  { "name": "amcboyle25", "type": "view" },
  { "name": "mcornhill26", "type": "view" },
  { "name": "oprium27", "type": "table" },
  { "name": "krylance28", "type": "view" },
  { "name": "alamble29", "type": "view" },
  { "name": "dpoyle2a", "type": "table" },
  { "name": "tbelbin2b", "type": "table" },
  { "name": "khaddock2c", "type": "table" },
  { "name": "mmenear2d", "type": "view" },
  { "name": "ariddiough2e", "type": "view" },
  { "name": "mclawson2f", "type": "table" },
  { "name": "jgioan2g", "type": "table" },
  { "name": "ljeanneau2h", "type": "table" },
  { "name": "acamber2i", "type": "view" },
  { "name": "rstitcher2j", "type": "view" },
  { "name": "gklaes2k", "type": "table" },
  { "name": "adimmne2l", "type": "table" },
  { "name": "adawson2m", "type": "table" },
  { "name": "rlally2n", "type": "view" },
  { "name": "tgroveham2o", "type": "table" },
  { "name": "gsomerscales2p", "type": "view" },
  { "name": "kbirdfield2q", "type": "table" },
  { "name": "aaldritt2r", "type": "view" }
]
